#!,Workbook:,Custom,Custom,,,
#!,To play this data back: Open the original Excel workbook file then click the *Import Data File* button in the *Data Streamer* ribbon and navigate to this file.,,,,,
#!,For more information visit http://aka.ms/hackingstem/,,,,,
2227391,-0.11,0.51,9.24,0.03,0.05,0.01
2227401,-0.13,0.51,9.21,0.03,0.04,0.01
2227411,-0.1,0.5,9.17,0.03,0.04,0.01
2227421,-0.09,0.5,9.3,0.03,0.02,0.01
2227431,-0.1,0.49,9.2,0.03,0,0
2227441,-0.06,0.48,9.15,0.03,0,0
2227451,-0.07,0.47,9.21,0.03,0,0.01
2227461,0.02,0.47,9.23,0.03,0,0.01
2227471,0.02,0.47,9.22,0.03,0,0.01
2227481,0.05,0.49,9.21,0.03,-0.01,0.01
2227491,0.1,0.51,9.13,0.03,-0.01,0.01
2227501,0.08,0.47,9.08,0.03,0.03,0.01
2227511,-0.04,0.44,9.12,0.03,0.08,0
2227521,-0.19,0.44,9.23,0.03,0.1,0
2227531,-0.36,0.46,9.34,0.03,0.07,0
2227541,-0.34,0.47,9.41,0.04,-0.02,0.01
2227551,-0.33,0.5,9.35,0.04,-0.11,0.01
2227561,-0.24,0.51,9.31,0.04,-0.2,0.02
2227571,-0.04,0.53,9.15,0.04,-0.24,0.02
2227581,0.14,0.55,9.09,0.04,-0.22,0.02
2227591,0.23,0.55,9,0.03,-0.15,0.01
2227601,0.32,0.55,9,0.03,-0.04,0.01
2227611,0.32,0.53,9.03,0.02,0.07,0.01
2227621,0.15,0.5,9.05,0.02,0.18,0
2227631,0.11,0.46,9.1,0.02,0.26,0
2227641,0.09,0.42,9.09,0.02,0.33,0
2227651,-0.29,0.42,9.19,-0.01,0.34,-0.01
2227661,-0.21,0.36,9.39,-0.01,0.28,0
2227671,-0.32,0.35,9.52,0,0.2,0
2227681,-0.6,0.38,9.72,0.02,0.07,0
2227691,-0.67,0.41,9.79,0.05,-0.12,0.01
2227701,-0.56,0.43,9.81,0.08,-0.31,0.01
2227711,-0.37,0.55,9.15,0.09,-0.47,0
2227721,-0.71,0.59,9.35,0.07,-0.6,0.02
2227731,-0.14,0.59,9.16,0.06,-0.68,0.04
2227741,0.51,0.63,8.83,0.05,-0.63,0.05
2227751,0.83,0.64,8.76,0.04,-0.45,0.03
2227761,0.8,0.61,8.76,0.03,-0.22,0.02
2227771,0.77,0.56,8.8,0.03,0,0.01
2227781,0.68,0.45,8.91,0.02,0.21,0
2227791,0.46,0.38,8.98,0.02,0.39,-0.01
2227801,0.21,0.33,9.07,0.01,0.5,-0.01
2227811,-0.06,0.29,9.27,0.01,0.54,-0.02
2227821,-0.26,0.31,9.45,0.02,0.51,-0.02
2227831,-0.61,0.37,9.51,0.01,0.35,-0.03
2227841,-0.79,0.39,9.88,0.03,0.08,0
2227851,-0.4,0.47,9.64,0.05,-0.14,0.01
2227861,-0.64,0.58,9.47,0.06,-0.32,0.01
2227871,-0.62,0.66,9.39,0.05,-0.51,0.03
2227881,-0.04,0.68,9.13,0.05,-0.6,0.04
2227891,0.44,0.68,8.91,0.05,-0.53,0.04
2227901,0.57,0.66,8.84,0.04,-0.38,0.03
2227911,0.66,0.59,8.83,0.03,-0.19,0.03
2227921,0.68,0.51,8.85,0.03,0.01,0.01
2227931,0.6,0.4,8.92,0.02,0.19,0.01
2227941,0.44,0.34,9,0.02,0.34,0
2227951,0.26,0.32,9.11,0.01,0.43,-0.01
2227961,0.07,0.31,9.22,0.02,0.46,-0.01
2227971,-0.13,0.37,9.36,0.02,0.44,-0.02
2227981,-0.3,0.41,9.42,0.02,0.38,-0.01
2227991,-0.69,0.49,9.56,0.02,0.24,-0.01
2228001,-0.51,0.52,9.64,0.03,0.05,0.01
2228011,-0.33,0.54,9.54,0.05,-0.09,0.01
2228021,-0.42,0.61,9.34,0.05,-0.2,0.01
2228031,-0.56,0.62,9.42,0.05,-0.35,0.02
2228041,-0.19,0.59,9.27,0.05,-0.46,0.03
2228051,0.17,0.59,9.07,0.05,-0.47,0.04
2228061,0.42,0.58,8.98,0.04,-0.4,0.03
2228071,0.59,0.52,8.88,0.04,-0.26,0.03
2228081,0.62,0.5,8.84,0.03,-0.06,0.02
2228091,0.61,0.45,8.82,0.02,0.15,0.01
2228101,0.45,0.4,8.96,0.01,0.34,0
2228111,0.29,0.36,9.05,0.01,0.47,-0.01
2228121,0.05,0.34,9.22,0.01,0.52,-0.01
2228131,-0.15,0.36,9.28,0.02,0.5,-0.01
2228141,-0.76,0.4,9.62,0,0.35,-0.01
2228151,-0.55,0.38,9.72,0.02,0.15,0
2228161,-0.55,0.44,9.68,0.04,-0.03,0
2228171,-0.46,0.51,9.66,0.06,-0.19,0.01
2228181,-0.4,0.59,9.23,0.07,-0.31,0.01
2228191,-0.56,0.65,9.26,0.06,-0.39,0.02
2228201,-0.1,0.62,9.16,0.05,-0.45,0.03
2228211,0.39,0.61,8.91,0.04,-0.39,0.04
2228221,0.62,0.58,8.86,0.04,-0.24,0.03
2228231,0.55,0.52,8.88,0.03,-0.08,0.02
2228241,0.52,0.46,8.91,0.02,0.08,0.01
2228251,0.42,0.39,8.96,0.02,0.23,0.01
2228261,0.23,0.34,9.04,0.01,0.36,0
2228271,-0.01,0.33,9.17,0.01,0.44,-0.01
2228281,-0.15,0.39,9.05,0.01,0.44,-0.02
2228291,-0.64,0.4,9.59,0,0.31,-0.01
2228301,-0.48,0.41,9.63,0.01,0.15,0
2228311,-0.51,0.47,9.66,0.03,-0.01,0.01
2228321,-0.47,0.51,9.62,0.06,-0.15,0.01
2228331,-0.25,0.57,9.38,0.07,-0.27,0.01
2228341,-0.36,0.64,9.23,0.06,-0.34,0.01
2228351,-0.33,0.61,9.21,0.05,-0.41,0.02
2228361,-0.06,0.55,9.22,0.05,-0.47,0.03
2228371,0.08,0.53,9.18,0.05,-0.49,0.03
2228381,0.21,0.49,9.14,0.05,-0.47,0.04
2228391,0.52,0.5,8.94,0.04,-0.36,0.04
2228401,0.77,0.49,8.77,0.03,-0.16,0.02
2228411,0.76,0.52,8.77,0.02,0.05,0.01
2228421,0.6,0.49,8.88,0.02,0.26,0
2228431,0.4,0.45,9.03,0.02,0.41,0
2228441,0.17,0.4,9.19,0.02,0.5,-0.01
2228451,-0.1,0.38,9.28,0.02,0.51,-0.01
2228461,-0.34,0.36,9.46,0.02,0.44,-0.02
2228471,-0.63,0.38,9.49,0.02,0.27,-0.02
2228481,-0.63,0.43,9.66,0.03,0.05,0
2228491,-0.27,0.47,9.44,0.05,-0.1,0.01
2228501,-0.41,0.57,9.38,0.05,-0.19,0.01
2228511,-0.33,0.6,9.33,0.04,-0.3,0.02
2228521,-0.02,0.61,9.21,0.05,-0.35,0.03
2228531,0.03,0.6,9.22,0.05,-0.36,0.03
2228541,0.02,0.57,9.22,0.05,-0.38,0.03
2228551,0.14,0.52,9.17,0.05,-0.38,0.03
2228561,0.36,0.48,9.03,0.04,-0.33,0.03
2228571,0.56,0.48,8.9,0.04,-0.2,0.02
2228581,0.6,0.5,8.89,0.03,-0.03,0.01
2228591,0.56,0.53,8.95,0.02,0.15,0
2228601,0.46,0.5,8.98,0.02,0.31,0
2228611,0.3,0.46,9.05,0.02,0.42,-0.01
2228621,0.09,0.43,9.19,0.02,0.49,-0.02
2228631,-0.12,0.39,9.28,0.02,0.49,-0.02
2228641,-0.25,0.37,9.19,0.02,0.43,-0.02
2228651,-0.77,0.37,9.67,0.01,0.25,-0.01
2228661,-0.53,0.36,9.73,0.03,0.04,0
2228671,-0.44,0.43,9.67,0.05,-0.14,0.01
2228681,-0.56,0.53,9.36,0.06,-0.31,0.01
2228691,-0.6,0.57,9.38,0.06,-0.48,0.03
2228701,-0.11,0.6,9.22,0.05,-0.58,0.04
2228711,0.23,0.61,9.1,0.05,-0.56,0.04
2228721,0.41,0.63,9,0.05,-0.49,0.04
2228731,0.58,0.58,8.89,0.04,-0.37,0.03
2228741,0.67,0.5,8.92,0.04,-0.21,0.02
2228751,0.57,0.46,9.01,0.03,-0.06,0.01
2228761,0.45,0.43,9.05,0.03,0.06,0.01
2228771,0.44,0.41,9.06,0.03,0.18,0
2228781,0.33,0.42,9.06,0.02,0.28,-0.01
2228791,0.17,0.42,9.13,0.02,0.34,-0.01
2228801,0.06,0.45,9.18,0.02,0.37,-0.01
2228811,0.02,0.45,9.21,0.02,0.38,-0.01
2228821,-0.06,0.48,9.24,0.02,0.37,-0.01
2228831,-0.1,0.52,9.24,0.02,0.36,-0.01
2228841,-0.04,0.51,9.16,0.02,0.34,-0.01
2228851,-0.72,0.48,9.7,0.02,0.2,-0.01
2228861,-0.58,0.4,9.81,0.04,-0.04,0.01
2228871,-0.45,0.4,9.44,0.05,-0.22,0.01
2228881,-0.75,0.45,9.54,0.05,-0.42,0.02
2228891,-0.39,0.5,9.36,0.05,-0.6,0.04
2228901,0.13,0.57,9.12,0.05,-0.65,0.04
2228911,0.5,0.61,8.94,0.05,-0.57,0.04
2228921,0.68,0.65,8.81,0.04,-0.41,0.03
2228931,0.79,0.61,8.8,0.04,-0.21,0.02
2228941,0.8,0.56,8.78,0.03,0.01,0.01
2228951,0.65,0.49,8.83,0.02,0.23,0
2228961,0.49,0.38,8.97,0.02,0.39,0
2228971,0.24,0.35,9.08,0.01,0.5,-0.01
2228981,0.06,0.34,9.2,0.02,0.54,-0.01
2228991,-0.07,0.35,9.26,0.02,0.54,-0.02
2229001,-0.23,0.41,9.28,0.02,0.49,-0.02
2229011,-0.81,0.46,9.59,0,0.34,-0.02
2229021,-0.52,0.45,9.73,0.02,0.13,0
2229031,-0.51,0.5,9.71,0.04,-0.04,0.01
2229041,-0.49,0.5,9.66,0.06,-0.22,0.01
2229051,-0.63,0.56,9.37,0.06,-0.39,0.01
2229061,-0.55,0.55,9.38,0.06,-0.58,0.04
2229071,0.05,0.58,9.12,0.05,-0.66,0.05
2229081,0.51,0.61,8.9,0.05,-0.58,0.04
2229091,0.72,0.6,8.77,0.04,-0.4,0.03
2229101,0.77,0.55,8.73,0.03,-0.17,0.02
2229111,0.74,0.5,8.81,0.02,0.06,0.01
2229121,0.59,0.44,8.9,0.02,0.27,0
2229131,0.43,0.39,8.99,0.01,0.44,-0.01
2229141,0.22,0.33,9.14,0.01,0.54,-0.01
2229151,-0.05,0.33,9.44,0.02,0.55,-0.02
2229161,-0.45,0.37,9.69,0.03,0.41,-0.02
2229171,-0.68,0.43,9.66,0.04,0.18,-0.01
2229181,-0.6,0.47,9.57,0.05,-0.07,0
2229191,-0.53,0.54,9.43,0.05,-0.25,0.01
2229201,-0.33,0.61,9.31,0.05,-0.37,0.02
2229211,-0.11,0.61,9.18,0.05,-0.42,0.03
2229221,0.13,0.62,9.06,0.04,-0.39,0.03
2229231,0.34,0.58,8.96,0.04,-0.31,0.03
2229241,0.44,0.52,8.94,0.03,-0.19,0.03
2229251,0.47,0.49,8.97,0.03,-0.06,0.02
2229261,0.49,0.44,8.98,0.02,0.08,0.01
2229271,0.41,0.4,9.05,0.02,0.19,0
2229281,0.23,0.36,9.18,0.02,0.26,0
2229291,0.02,0.35,9.33,0.03,0.26,-0.01
2229301,-0.22,0.38,9.45,0.03,0.2,-0.01
2229311,-0.4,0.44,9.54,0.04,0.07,-0.01
2229321,-0.47,0.47,9.49,0.04,-0.09,0
2229331,-0.38,0.53,9.45,0.05,-0.24,0.01
2229341,-0.23,0.6,9.31,0.05,-0.35,0.02
2229351,0.04,0.64,9.13,0.05,-0.39,0.03
2229361,0.41,0.64,8.94,0.04,-0.32,0.03
2229371,0.58,0.64,8.87,0.03,-0.18,0.02
2229381,0.58,0.57,8.89,0.03,-0.01,0.02
2229391,0.55,0.49,8.93,0.02,0.15,0.01
2229401,0.47,0.44,8.92,0.01,0.31,0.01
2229411,0.38,0.39,8.94,0.01,0.45,0
2229421,0.2,0.34,9.03,0,0.57,0
2229431,0.02,0.32,9.28,0,0.63,0
2229441,-0.24,0.41,9.07,-0.01,0.57,-0.02
2229451,-0.89,0.37,9.98,0,0.32,-0.01
2229461,-0.68,0.4,9.92,0.03,0.03,0.01
2229471,-0.63,0.44,9.78,0.07,-0.19,0.01
2229481,-0.32,0.53,9.48,0.09,-0.37,0.01
2229491,-0.57,0.63,9.21,0.07,-0.47,0
2229501,-0.48,0.65,9.23,0.06,-0.58,0.03
2229511,0.04,0.64,9.06,0.06,-0.62,0.04
2229521,0.5,0.62,8.86,0.05,-0.54,0.04
2229531,0.68,0.62,8.81,0.04,-0.38,0.03
2229541,0.8,0.54,8.76,0.03,-0.17,0.02
2229551,0.84,0.5,8.75,0.02,0.07,0.02
2229561,0.75,0.43,8.78,0.01,0.32,0
2229571,0.51,0.4,8.9,0.01,0.53,-0.01
2229581,0.21,0.34,9.12,0,0.67,-0.01
2229591,-0.1,0.3,9.35,0.01,0.7,-0.02
2229601,-0.99,0.37,9.72,-0.01,0.53,-0.03
2229611,-1,0.29,10.18,0.01,0.21,0
2229621,-0.78,0.36,10.01,0.05,-0.1,0.01
2229631,-0.35,0.46,9.66,0.09,-0.33,0.01
2229641,-0.57,0.61,9.13,0.07,-0.47,0
2229651,-0.58,0.67,9.23,0.07,-0.6,0.03
2229661,0.05,0.67,9.02,0.06,-0.64,0.04
2229671,0.55,0.69,8.83,0.04,-0.54,0.04
2229681,0.79,0.68,8.73,0.04,-0.35,0.03
2229691,0.8,0.62,8.73,0.03,-0.12,0.02
2229701,0.77,0.52,8.77,0.02,0.11,0.02
2229711,0.68,0.42,8.81,0.01,0.34,0.01
2229721,0.49,0.34,8.86,0,0.53,0
2229731,0.2,0.28,9.09,0,0.67,0
2229741,-0.1,0.27,9.34,0,0.7,-0.01
2229751,-0.67,0.32,9.48,-0.02,0.59,-0.03
2229761,-0.85,0.31,10.02,-0.01,0.33,-0.01
2229771,-0.76,0.39,9.91,0.03,0.06,0
2229781,-0.65,0.47,9.79,0.06,-0.16,0.01
2229791,-0.48,0.55,9.49,0.08,-0.32,0.03
2229801,-0.03,0.65,8.93,0.08,-0.36,0.01
2229811,-0.31,0.71,9.05,0.05,-0.33,0.01
2229821,-0.02,0.66,9.07,0.04,-0.32,0.03
2229831,0.31,0.58,8.96,0.04,-0.25,0.03
2229841,0.4,0.52,9.01,0.04,-0.14,0.02
2229851,0.24,0.47,9.08,0.03,-0.05,0.01
2229861,0.23,0.4,9.1,0.03,0.01,0.01
2229871,0.28,0.35,9.08,0.03,0.08,0.01
2229881,0.13,0.33,9.21,0.03,0.16,0
2229891,-0.14,0.38,9.33,0.03,0.17,0
2229901,-0.28,0.39,9.43,0.04,0.1,0
2229911,-0.39,0.42,9.48,0.05,-0.01,0
2229921,-0.45,0.46,9.5,0.05,-0.16,0
2229931,-0.42,0.51,9.47,0.05,-0.31,0.01
2229941,-0.28,0.58,9.3,0.05,-0.44,0.02
2229951,0.04,0.64,9.05,0.05,-0.48,0.03
2229961,0.5,0.66,8.84,0.04,-0.4,0.03
2229971,0.74,0.66,8.69,0.03,-0.21,0.03
2229981,0.79,0.62,8.69,0.02,0.03,0.02
2229991,0.68,0.56,8.73,0.01,0.28,0.01
2230001,0.54,0.45,8.8,0,0.51,0
2230011,0.34,0.37,8.92,-0.01,0.67,0
2230021,-0.03,0.29,9.17,-0.01,0.76,0
2230031,-0.61,0.28,9.56,-0.05,0.68,-0.02
2230041,-0.72,0.25,9.97,-0.03,0.45,-0.01
2230051,-0.74,0.31,9.89,0.01,0.19,0
2230061,-0.81,0.38,9.95,0.04,-0.06,0
2230071,-0.92,0.46,9.96,0.09,-0.32,0.02
2230081,-0.36,0.5,9.64,0.12,-0.53,0.03
2230091,-0.34,0.66,8.78,0.09,-0.62,0
2230101,-0.57,0.67,9.19,0.07,-0.7,0.03
2230111,0.08,0.64,9,0.06,-0.73,0.05
2230121,0.75,0.63,8.72,0.05,-0.61,0.05
2230131,1,0.6,8.64,0.04,-0.36,0.03
2230141,1.05,0.56,8.63,0.03,-0.06,0.02
2230151,0.88,0.52,8.69,0.02,0.23,0
2230161,0.68,0.44,8.77,0.01,0.49,0
2230171,0.38,0.36,8.9,0,0.7,-0.01
2230181,0,0.3,9.17,-0.01,0.81,-0.01
2230191,-0.38,0.38,8.84,-0.03,0.75,-0.03
2230201,-0.88,0.31,9.88,-0.03,0.51,-0.01
2230211,-0.76,0.35,9.93,0,0.24,0
2230221,-0.73,0.42,9.84,0.03,0,0.01
2230231,-0.59,0.49,9.6,0.06,-0.19,0.01
2230241,-0.46,0.55,9.5,0.08,-0.3,0.02
2230251,-0.24,0.56,9.46,0.1,-0.39,0.02
2230261,-0.31,0.62,8.98,0.08,-0.47,0
2230271,-0.38,0.57,9.18,0.07,-0.54,0.03
2230281,0.11,0.51,9.1,0.06,-0.56,0.04
2230291,0.5,0.49,8.95,0.05,-0.48,0.03
2230301,0.51,0.48,8.97,0.04,-0.36,0.02
2230311,0.58,0.45,8.9,0.04,-0.22,0.02
2230321,0.64,0.44,8.86,0.03,-0.05,0.02
2230331,0.62,0.47,8.87,0.03,0.15,0.01
2230341,0.51,0.5,8.87,0.02,0.34,0
2230351,0.28,0.5,9.01,0.02,0.49,-0.01
2230361,0.07,0.54,9.08,0.01,0.58,-0.01
2230371,-0.03,0.54,8.89,0,0.61,-0.01
2230381,-0.74,0.48,9.6,-0.03,0.47,-0.01
2230391,-0.53,0.42,9.7,-0.01,0.27,0
2230401,-0.56,0.4,9.69,0.02,0.1,0.01
2230411,-0.52,0.4,9.63,0.04,-0.06,0.01
2230421,-0.39,0.42,9.45,0.06,-0.17,0.01
2230431,-0.29,0.43,9.39,0.07,-0.24,0.02
2230441,-0.03,0.43,9.18,0.07,-0.28,0.01
2230451,-0.24,0.47,9.21,0.06,-0.32,0.01
2230461,-0.06,0.49,9.22,0.05,-0.35,0.02
2230471,0.13,0.49,9.13,0.05,-0.34,0.02
2230481,0.24,0.51,9.1,0.05,-0.3,0.02
2230491,0.28,0.5,9.06,0.05,-0.22,0.02
2230501,0.31,0.49,8.98,0.04,-0.13,0.01
2230511,0.31,0.49,8.98,0.04,-0.03,0.01
2230521,0.21,0.5,9.02,0.04,0.07,0
2230531,0.15,0.54,9,0.03,0.14,0
2230541,0.16,0.58,9.03,0.02,0.21,0
2230551,0.15,0.6,9.06,0.02,0.28,0
2230561,0.05,0.63,9.15,0.02,0.33,0
2230571,-0.13,0.63,9.15,0.01,0.32,-0.01
2230581,-0.53,0.58,9.46,0.01,0.2,0
2230591,-0.3,0.48,9.43,0.02,0.09,0.01
2230601,-0.33,0.42,9.41,0.03,0.01,0.01
2230611,-0.31,0.38,9.34,0.04,-0.06,0.01
2230621,-0.25,0.35,9.27,0.04,-0.11,0.01
2230631,-0.13,0.36,9.31,0.04,-0.15,0.01
2230641,0.01,0.33,9.34,0.05,-0.17,0.01
2230651,0.05,0.34,9.29,0.05,-0.17,0.01
2230661,0.08,0.36,9.17,0.05,-0.15,0.01
2230671,0.22,0.37,9.06,0.05,-0.11,0.01
2230681,0.32,0.43,8.98,0.04,-0.01,0.01
2230691,0.21,0.51,9.02,0.03,0.08,0.01
2230701,0.1,0.58,9.08,0.03,0.16,0.01
2230711,-0.02,0.63,9.05,0.02,0.19,0
2230721,-0.44,0.63,9.33,0.02,0.14,0
2230731,-0.33,0.63,9.44,0.03,0.04,0.01
2230741,-0.28,0.64,9.31,0.04,-0.03,0.01
2230751,-0.24,0.66,9.2,0.04,-0.07,0.01
2230761,-0.23,0.66,9.18,0.03,-0.09,0.01
2230771,-0.28,0.65,9.25,0.03,-0.13,0.01
2230781,-0.23,0.57,9.29,0.03,-0.19,0.02
2230791,-0.18,0.47,9.36,0.03,-0.26,0.02
2230801,-0.11,0.35,9.38,0.04,-0.33,0.02
2230811,0.04,0.27,9.31,0.04,-0.38,0.03
2230821,0.23,0.22,9.2,0.04,-0.38,0.02
2230831,0.43,0.2,9.11,0.05,-0.31,0.02
2230841,0.57,0.23,9,0.04,-0.19,0.01
2230851,0.62,0.3,8.9,0.04,-0.02,0
2230861,0.57,0.37,8.93,0.04,0.15,0
2230871,0.45,0.46,8.98,0.03,0.3,-0.01
2230881,0.27,0.53,9.02,0.03,0.42,-0.01
2230891,0.06,0.59,9.05,0.02,0.49,-0.01
2230901,-0.1,0.62,9,0.02,0.5,-0.01
2230911,-0.93,0.71,9.49,0,0.36,-0.01
2230921,-0.39,0.65,9.58,0.01,0.18,0.01
2230931,-0.43,0.67,9.48,0.02,0.06,0.01
2230941,-0.49,0.7,9.5,0.04,-0.06,0.01
2230951,-0.33,0.7,9.21,0.04,-0.13,0.02
2230961,-0.13,0.62,9.11,0.04,-0.12,0.01
2230971,-0.27,0.51,9.25,0.03,-0.14,0.01
2230981,-0.21,0.42,9.39,0.04,-0.2,0.01
2230991,-0.08,0.29,9.4,0.04,-0.27,0.01
2231001,0,0.23,9.38,0.05,-0.32,0.01
2231011,0.07,0.21,9.33,0.05,-0.37,0.01
2231021,0.19,0.23,9.22,0.05,-0.37,0.01
2231031,0.29,0.33,9.12,0.05,-0.33,0.02
2231041,0.45,0.41,9,0.05,-0.24,0.02
2231051,0.58,0.52,8.87,0.04,-0.09,0.02
2231061,0.62,0.61,8.81,0.03,0.11,0.01
2231071,0.52,0.65,8.85,0.02,0.31,0
2231081,0.34,0.66,8.9,0.02,0.48,0
2231091,0.12,0.63,8.97,0.01,0.6,-0.01
2231101,-0.08,0.62,8.75,-0.01,0.61,-0.03
2231111,-0.56,0.51,9.47,-0.03,0.46,0
2231121,-0.36,0.45,9.46,-0.02,0.33,-0.01
2231131,-0.61,0.41,9.69,0,0.2,0
2231141,-0.57,0.4,9.62,0.02,0.05,0.01
2231151,-0.43,0.43,9.46,0.04,-0.06,0.01
2231161,-0.39,0.42,9.45,0.05,-0.13,0.01
2231171,-0.45,0.41,9.54,0.07,-0.21,0.01
2231181,-0.31,0.42,9.5,0.09,-0.31,0.02
2231191,0.01,0.4,9.29,0.09,-0.4,0
2231201,-0.68,0.47,9.49,0.08,-0.53,0
2231211,-0.51,0.51,9.43,0.07,-0.72,0.03
2231221,-0.03,0.5,9.14,0.07,-0.81,0.05
2231231,0.42,0.6,8.94,0.07,-0.76,0.05
2231241,0.62,0.64,8.7,0.06,-0.58,0.06
2231251,0.78,0.66,8.61,0.05,-0.33,0.06
2231261,1.3,0.61,8.55,0.04,-0.02,0.06
2231271,1.43,0.52,8.47,0.02,0.32,0.01
2231281,0.85,0.49,8.6,0,0.65,-0.01
2231291,0.68,0.42,8.75,-0.01,0.92,-0.03
2231301,0.22,0.38,9.04,-0.02,1.1,-0.04
2231311,-1.17,0.49,9.15,-0.1,0.99,-0.06
2231321,-0.92,0.31,10.22,-0.08,0.72,-0.02
2231331,-1.09,0.34,10.24,-0.03,0.41,-0.01
2231341,-0.85,0.41,10.02,0.02,0.05,0.01
2231351,-0.74,0.5,9.72,0.05,-0.16,0.01
2231361,-0.72,0.55,9.65,0.08,-0.31,0.02
2231371,-0.57,0.59,9.52,0.1,-0.43,0.03
2231381,-0.08,0.61,9.07,0.11,-0.51,0.03
2231391,-0.47,0.62,9.19,0.07,-0.58,0.01
2231401,-0.17,0.54,9.22,0.06,-0.66,0.03
2231411,0.25,0.47,9.09,0.06,-0.68,0.04
2231421,0.56,0.41,9,0.06,-0.6,0.03
2231431,0.73,0.39,8.89,0.05,-0.45,0.03
2231441,0.85,0.37,8.8,0.05,-0.24,0.02
2231451,0.82,0.35,8.78,0.04,-0.01,0.01
2231461,0.76,0.36,8.82,0.03,0.24,-0.01
2231471,0.53,0.41,8.87,0.03,0.45,-0.01
2231481,0.31,0.48,8.92,0.02,0.61,-0.02
2231491,0.14,0.52,9.01,0.01,0.71,-0.02
2231501,0,0.59,8.83,-0.01,0.72,-0.03
2231511,-1.03,0.61,9.75,-0.03,0.48,0
2231521,-0.54,0.57,9.77,-0.01,0.23,0.01
2231531,-0.71,0.56,9.85,0.02,0.03,0.01
2231541,-0.71,0.56,9.76,0.06,-0.18,0.02
2231551,-0.36,0.54,9.45,0.08,-0.33,0.02
2231561,-0.71,0.51,9.36,0.06,-0.46,0.01
2231571,-0.56,0.46,9.47,0.06,-0.64,0.03
2231581,-0.2,0.44,9.39,0.06,-0.79,0.04
2231591,0.18,0.45,9.27,0.06,-0.85,0.04
2231601,0.52,0.48,9.08,0.07,-0.83,0.04
2231611,0.88,0.48,8.83,0.06,-0.7,0.04
2231621,1.05,0.48,8.62,0.06,-0.47,0.03
2231631,1.32,0.5,8.59,0.04,-0.15,0.03
2231641,1.38,0.45,8.55,0.03,0.19,0.01
2231651,1.01,0.46,8.6,0.02,0.52,-0.01
2231661,0.71,0.47,8.72,0,0.79,-0.02
2231671,0.48,0.48,8.87,-0.01,0.99,-0.03
2231681,0.14,0.45,9.1,-0.01,1.11,-0.03
2231691,-0.26,0.59,8.59,-0.04,1.03,-0.05
2231701,-1.1,0.38,10.25,-0.06,0.67,-0.02
2231711,-1.11,0.36,10.39,0,0.23,0
2231721,-1.11,0.41,10.33,0.06,-0.17,0.02
2231731,-0.76,0.47,9.89,0.11,-0.49,0.03
2231741,-0.42,0.61,8.76,0.1,-0.65,0.01
2231751,-0.7,0.64,9.2,0.08,-0.75,0.03
2231761,-0.05,0.61,9.14,0.06,-0.81,0.04
2231771,0.51,0.61,8.91,0.06,-0.75,0.04
2231781,0.8,0.6,8.86,0.05,-0.6,0.03
2231791,0.96,0.53,8.79,0.05,-0.4,0.03
2231801,1.13,0.43,8.72,0.04,-0.15,0.02
2231811,1.11,0.4,8.67,0.03,0.13,0
2231821,0.96,0.34,8.7,0.02,0.42,-0.01
2231831,0.73,0.34,8.76,0.01,0.68,-0.02
2231841,0.51,0.37,8.83,0,0.9,-0.02
2231851,0.22,0.4,9.09,-0.01,1.05,-0.03
2231861,-1.27,0.53,9.37,-0.08,0.93,-0.06
2231871,-1.23,0.4,10.37,-0.05,0.59,-0.02
2231881,-1.08,0.42,10.28,0,0.22,0
2231891,-1.11,0.45,10.33,0.06,-0.16,0.02
2231901,-1.05,0.53,10.07,0.11,-0.48,0.04
2231911,-0.1,0.61,8.95,0.13,-0.66,0.03
2231921,-0.67,0.64,9.2,0.08,-0.73,0.01
2231931,-0.43,0.62,9.16,0.07,-0.83,0.04
2231941,0.26,0.56,9,0.06,-0.85,0.05
2231951,0.7,0.54,8.95,0.05,-0.75,0.04
2231961,0.87,0.53,8.81,0.05,-0.57,0.03
2231971,1.13,0.48,8.63,0.04,-0.33,0.03
2231981,1.43,0.41,8.56,0.03,0,0.01
2231991,1.24,0.37,8.6,0.02,0.35,-0.01
2232001,0.89,0.37,8.71,0.01,0.67,-0.02
2232011,0.54,0.35,8.79,0,0.92,-0.03
2232021,0.23,0.36,8.98,-0.01,1.1,-0.03
2232031,-0.27,0.54,8.19,-0.06,1.06,-0.06
2232041,-1.12,0.37,10.09,-0.07,0.78,-0.03
2232051,-1.18,0.38,10.42,-0.02,0.38,-0.01
2232061,-1.29,0.42,10.55,0.04,-0.07,0.01
2232071,-1.28,0.52,10.35,0.11,-0.49,0.03
2232081,-0.28,0.62,9.22,0.15,-0.76,0.04
2232091,-0.64,0.68,8.97,0.09,-0.83,0.02
2232101,-0.32,0.68,8.88,0.07,-0.89,0.05
2232111,0.52,0.62,8.77,0.06,-0.82,0.05
2232121,0.98,0.59,8.75,0.04,-0.6,0.04
2232131,1.06,0.52,8.76,0.04,-0.35,0.02
2232141,1.15,0.45,8.7,0.03,-0.07,0.01
2232151,1.13,0.33,8.73,0.03,0.22,0
2232161,0.94,0.27,8.77,0.02,0.51,-0.02
2232171,0.7,0.26,8.8,0.01,0.76,-0.03
2232181,0.3,0.32,8.96,0,0.94,-0.04
2232191,-0.06,0.52,8.5,-0.03,0.95,-0.06
2232201,-0.91,0.46,9.75,-0.06,0.7,-0.02
2232211,-0.64,0.53,9.73,-0.04,0.46,-0.01
2232221,-0.99,0.6,10.01,0,0.22,0
2232231,-1.15,0.65,10.19,0.05,-0.11,0.02
2232241,-1.02,0.65,10.04,0.1,-0.42,0.03
2232251,-0.36,0.61,9.48,0.13,-0.63,0.04
2232261,-0.69,0.62,9.02,0.09,-0.75,0.01
2232271,-0.53,0.52,9.15,0.07,-0.89,0.04
2232281,0.31,0.42,9.02,0.06,-0.91,0.05
2232291,0.84,0.39,8.89,0.06,-0.78,0.04
2232301,1.03,0.4,8.8,0.05,-0.56,0.03
2232311,1.23,0.38,8.65,0.04,-0.28,0.02
2232321,1.35,0.37,8.57,0.03,0.06,0
2232331,1.1,0.38,8.59,0.02,0.41,-0.01
2232341,0.75,0.39,8.73,0.01,0.71,-0.02
2232351,0.47,0.4,8.88,0,0.92,-0.02
2232361,0.04,0.43,9.19,0,1.02,-0.03
2232371,-0.87,0.56,8.86,-0.04,0.85,-0.06
2232381,-1.12,0.43,10.18,-0.04,0.5,-0.01
2232391,-0.98,0.47,10.19,0.01,0.15,0
2232401,-1.1,0.54,10.22,0.06,-0.2,0.02
2232411,-0.63,0.64,9.66,0.11,-0.48,0.03
2232421,-0.29,0.72,8.76,0.08,-0.57,0.01
2232431,-0.51,0.7,9.13,0.07,-0.64,0.03
2232441,0,0.64,9.1,0.06,-0.67,0.04
2232451,0.48,0.56,8.97,0.05,-0.6,0.03
2232461,0.62,0.5,8.93,0.05,-0.47,0.02
2232471,0.75,0.42,8.91,0.04,-0.31,0.02
2232481,0.99,0.35,8.79,0.04,-0.1,0.01
2232491,0.99,0.32,8.77,0.03,0.15,0
2232501,0.77,0.34,8.81,0.02,0.39,-0.01
2232511,0.5,0.35,8.95,0.02,0.58,-0.02
2232521,0.18,0.43,9.1,0.01,0.69,-0.02
2232531,-0.23,0.48,9.27,0.01,0.71,-0.02
2232541,-0.96,0.59,9.39,-0.02,0.54,-0.03
2232551,-0.84,0.53,9.99,0,0.26,0
2232561,-0.83,0.53,10,0.04,-0.02,0.01
2232571,-0.72,0.54,9.85,0.08,-0.28,0.02
2232581,-0.68,0.61,9.26,0.07,-0.49,0.01
2232591,-0.81,0.58,9.48,0.07,-0.69,0.03
2232601,-0.23,0.56,9.28,0.07,-0.84,0.05
2232611,0.39,0.55,9.01,0.06,-0.83,0.05
2232621,0.72,0.57,8.85,0.05,-0.7,0.04
2232631,1.01,0.58,8.69,0.04,-0.49,0.04
2232641,1.22,0.53,8.61,0.03,-0.21,0.02
2232651,1.23,0.47,8.6,0.02,0.12,0.01
2232661,0.99,0.41,8.7,0.01,0.43,-0.01
2232671,0.69,0.37,8.76,0,0.68,-0.01
2232681,0.43,0.32,8.9,-0.01,0.88,-0.02
2232691,0.09,0.3,9.22,-0.01,0.99,-0.02
2232701,-0.3,0.37,9.33,0,0.92,-0.03
2232711,-1.4,0.4,10.34,-0.03,0.57,-0.02
2232721,-0.97,0.39,10.29,0.02,0.12,0.01
2232731,-0.83,0.49,10.01,0.07,-0.21,0.02
2232741,-0.34,0.6,9.56,0.1,-0.44,0.02
2232751,-0.77,0.72,9.24,0.08,-0.58,0.01
2232761,-0.68,0.71,9.26,0.07,-0.73,0.04
2232771,0.04,0.66,9.05,0.06,-0.79,0.06
2232781,0.67,0.65,8.82,0.05,-0.67,0.05
2232791,0.86,0.59,8.72,0.04,-0.46,0.04
2232801,1,0.54,8.72,0.03,-0.22,0.02
2232811,1.04,0.45,8.73,0.02,0.05,0.01
2232821,0.89,0.39,8.8,0.02,0.31,0
2232831,0.61,0.34,8.88,0.01,0.51,-0.01
2232841,0.34,0.29,9.05,0,0.66,-0.01
2232851,0.05,0.28,9.28,0,0.72,-0.02
2232861,-0.32,0.33,9.51,0.01,0.67,-0.02
2232871,-0.72,0.45,9.39,0,0.47,-0.03
2232881,-0.96,0.44,10.03,0.02,0.15,0
2232891,-0.56,0.47,9.88,0.06,-0.14,0.01
2232901,-0.5,0.63,9.34,0.07,-0.35,0
2232911,-0.89,0.67,9.5,0.07,-0.57,0.02
2232921,-0.38,0.68,9.31,0.06,-0.74,0.05
2232931,0.29,0.67,8.97,0.06,-0.75,0.05
2232941,0.66,0.62,8.81,0.05,-0.62,0.04
2232951,0.8,0.59,8.74,0.04,-0.41,0.03
2232961,1,0.51,8.7,0.03,-0.16,0.02
2232971,1.01,0.42,8.74,0.02,0.12,0.01
2232981,0.77,0.35,8.85,0.02,0.36,0
2232991,0.57,0.29,8.97,0.01,0.54,-0.01
2233001,0.34,0.28,9.13,0.01,0.66,-0.02
2233011,-0.06,0.34,9.39,0.01,0.69,-0.03
2233021,-0.53,0.4,9.62,0.02,0.57,-0.03
2233031,-0.9,0.47,9.69,0.01,0.33,-0.02
2233041,-0.74,0.52,9.73,0.03,0.04,0.01
2233051,-0.34,0.59,9.41,0.05,-0.13,0.01
2233061,-0.57,0.68,9.35,0.05,-0.24,0.01
2233071,-0.38,0.69,9.3,0.04,-0.36,0.03
2233081,-0.06,0.67,9.22,0.04,-0.42,0.03
2233091,0.12,0.64,9.14,0.04,-0.41,0.03
2233101,0.23,0.58,9.1,0.04,-0.38,0.03
2233111,0.33,0.51,9.09,0.04,-0.34,0.03
2233121,0.43,0.43,9.08,0.03,-0.27,0.02
2233131,0.49,0.36,9.07,0.03,-0.17,0.02
2233141,0.52,0.3,9.05,0.03,-0.06,0.01
2233151,0.53,0.29,9.06,0.03,0.08,0
2233161,0.41,0.31,9.12,0.04,0.2,-0.01
2233171,0.22,0.35,9.18,0.03,0.26,-0.01
2233181,0.11,0.41,9.21,0.03,0.28,-0.01
2233191,0.03,0.51,9.21,0.03,0.28,-0.01
2233201,-0.06,0.56,9.22,0.03,0.25,0
2233211,-0.15,0.62,9.25,0.03,0.21,0
2233221,-0.19,0.66,9.27,0.03,0.16,0.01
2233231,-0.23,0.68,9.29,0.03,0.1,0.01
2233241,-0.27,0.68,9.32,0.03,0.02,0.01
2233251,-0.27,0.66,9.33,0.03,-0.07,0.02
2233261,-0.16,0.63,9.24,0.03,-0.13,0.02
2233271,-0.14,0.63,9.2,0.03,-0.18,0.02
2233281,-0.17,0.62,9.27,0.03,-0.23,0.02
2233291,-0.11,0.57,9.28,0.02,-0.29,0.02
2233301,-0.08,0.49,9.38,0.02,-0.35,0.03
2233311,0.05,0.42,9.34,0.03,-0.4,0.03
2233321,0.33,0.29,9.28,0.04,-0.39,0.03
2233331,0.57,0.2,9.1,0.05,-0.32,0.03
2233341,0.77,0.16,8.99,0.05,-0.18,0.01
2233351,0.82,0.16,8.91,0.05,0.01,0
2233361,0.78,0.21,8.9,0.04,0.2,-0.01
2233371,0.62,0.3,9,0.04,0.36,-0.01
2233381,0.34,0.45,9.08,0.03,0.47,-0.02
2233391,0.04,0.54,9.18,0.02,0.5,-0.02
2233401,-0.2,0.6,9.26,0.02,0.47,-0.01
2233411,-0.41,0.65,9.36,0.02,0.38,0
2233421,-0.5,0.71,9.37,0.02,0.26,0.01
2233431,-0.51,0.76,9.4,0.02,0.13,0.01
2233441,-0.44,0.79,9.35,0.03,-0.01,0.02
2233451,-0.44,0.78,9.36,0.03,-0.14,0.01
2233461,-0.32,0.74,9.34,0.03,-0.25,0.02
2233471,-0.19,0.63,9.35,0.03,-0.33,0.02
2233481,-0.11,0.54,9.32,0.04,-0.4,0.02
2233491,0.06,0.45,9.25,0.04,-0.43,0.02
2233501,0.24,0.32,9.23,0.04,-0.43,0.02
2233511,0.47,0.24,9.14,0.04,-0.38,0.02
2233521,0.64,0.18,9.03,0.04,-0.27,0.02
2233531,0.68,0.16,9.01,0.04,-0.12,0.01
2233541,0.59,0.19,9.05,0.04,0.02,0
2233551,0.49,0.27,9.07,0.04,0.14,0
2233561,0.37,0.34,9.13,0.04,0.22,-0.01
2233571,0.17,0.46,9.19,0.04,0.27,-0.01
2233581,0.03,0.56,9.19,0.03,0.27,0
2233591,-0.03,0.65,9.17,0.03,0.26,0
2233601,-0.05,0.71,9.18,0.03,0.25,0.01
2233611,-0.09,0.73,9.18,0.02,0.24,0.01
2233621,-0.16,0.76,9.17,0.02,0.21,0.01
2233631,-0.18,0.72,9.23,0.02,0.15,0.01
2233641,-0.18,0.68,9.29,0.02,0.1,0.01
2233651,-0.16,0.6,9.35,0.02,0.04,0.01
2233661,-0.25,0.47,9.46,0.03,-0.04,0
2233671,-0.34,0.38,9.46,0.04,-0.14,0.01
2233681,-0.27,0.29,9.48,0.04,-0.26,0.01
2233691,-0.29,0.26,9.56,0.05,-0.39,0.01
2233701,-0.21,0.26,9.44,0.06,-0.51,0.02
2233711,0.11,0.31,9.26,0.06,-0.58,0.03
2233721,0.44,0.43,9.07,0.06,-0.55,0.03
2233731,0.82,0.52,8.86,0.05,-0.41,0.03
2233741,1.05,0.62,8.67,0.04,-0.19,0.02
2233751,1.02,0.67,8.65,0.03,0.09,0.01
2233761,0.85,0.66,8.7,0.02,0.36,0
2233771,0.63,0.6,8.79,0.01,0.58,-0.01
2233781,0.41,0.53,8.91,0,0.76,-0.01
2233791,0.09,0.47,9.1,0,0.87,-0.02
2233801,-0.2,0.48,8.84,-0.02,0.83,-0.04
2233811,-0.96,0.34,10.02,-0.04,0.56,-0.01
2233821,-0.86,0.33,10.05,0,0.23,0
2233831,-0.86,0.35,10.11,0.04,-0.07,0.01
2233841,-0.79,0.41,9.9,0.09,-0.34,0.02
2233851,-0.22,0.5,9.07,0.09,-0.51,0.01
2233861,-0.68,0.56,9.43,0.08,-0.64,0.01
2233871,-0.34,0.6,9.35,0.07,-0.78,0.04
2233881,0.27,0.61,9.01,0.06,-0.81,0.05
2233891,0.7,0.62,8.88,0.06,-0.7,0.04
2233901,0.92,0.62,8.75,0.05,-0.5,0.04
2233911,1.18,0.61,8.61,0.04,-0.24,0.03
2233921,1.27,0.54,8.59,0.03,0.09,0.01
2233931,1.03,0.49,8.63,0.01,0.42,-0.01
2233941,0.69,0.45,8.77,0,0.69,-0.02
2233951,0.4,0.38,8.96,0,0.89,-0.03
2233961,-0.07,0.37,9.24,-0.01,0.97,-0.03
2233971,-0.75,0.46,8.8,-0.05,0.84,-0.05
2233981,-0.86,0.3,10.04,-0.04,0.55,-0.01
2233991,-0.86,0.34,10.12,-0.01,0.25,0
2234001,-0.93,0.41,10.15,0.04,-0.06,0.01
2234011,-0.89,0.51,9.94,0.09,-0.33,0.02
2234021,-0.33,0.57,9.45,0.11,-0.5,0.03
2234031,-0.45,0.64,8.96,0.08,-0.58,0.01
2234041,-0.46,0.64,9.17,0.06,-0.67,0.03
2234051,0.04,0.62,9.12,0.06,-0.71,0.04
2234061,0.51,0.6,9.04,0.05,-0.65,0.04
2234071,0.64,0.57,8.94,0.05,-0.53,0.03
2234081,0.79,0.5,8.86,0.04,-0.38,0.03
2234091,0.9,0.42,8.84,0.04,-0.19,0.02
2234101,0.87,0.36,8.81,0.03,0.04,0.01
2234111,0.72,0.34,8.84,0.02,0.26,0
2234121,0.61,0.36,8.85,0.02,0.48,-0.01
2234131,0.48,0.39,8.93,0.01,0.66,-0.02
2234141,0.18,0.45,9.08,0,0.77,-0.02
2234151,-0.21,0.49,9.37,0.01,0.77,-0.02
2234161,-0.96,0.57,9.53,-0.02,0.56,-0.03
2234171,-0.95,0.46,10.22,0.01,0.22,0
2234181,-0.84,0.48,10.06,0.05,-0.1,0.02
2234191,-0.51,0.57,9.51,0.08,-0.36,0.02
2234201,-0.99,0.63,9.53,0.07,-0.59,0.02
2234211,-0.64,0.62,9.45,0.06,-0.8,0.04
2234221,-0.16,0.62,9.22,0.06,-0.93,0.05
2234231,0.38,0.62,9.08,0.06,-0.93,0.05
2234241,0.69,0.61,8.88,0.06,-0.82,0.04
2234251,1.07,0.54,8.73,0.05,-0.63,0.04
2234261,1.34,0.46,8.65,0.04,-0.36,0.03
2234271,1.34,0.38,8.67,0.03,-0.04,0.01
2234281,1.09,0.35,8.72,0.02,0.25,0
2234291,0.87,0.31,8.83,0.02,0.5,-0.01
2234301,0.74,0.33,8.94,0.01,0.7,-0.02
2234311,0.5,0.34,9.1,0.01,0.84,-0.03
2234321,-0.02,0.39,9.32,0.01,0.87,-0.04
2234331,-0.43,0.44,9.52,0.01,0.77,-0.03
2234341,-0.73,0.48,9.64,0.02,0.54,-0.01
2234351,-0.82,0.53,9.73,0.03,0.25,0
2234361,-0.9,0.59,9.75,0.04,-0.07,0.01
2234371,-0.79,0.66,9.6,0.05,-0.36,0.03
2234381,-0.47,0.67,9.49,0.05,-0.57,0.03
2234391,-0.4,0.68,9.47,0.06,-0.73,0.04
2234401,-0.11,0.63,9.32,0.06,-0.86,0.04
2234411,0.21,0.57,9.14,0.06,-0.91,0.05
2234421,0.6,0.53,8.99,0.06,-0.88,0.05
2234431,0.96,0.46,8.81,0.05,-0.74,0.04
2234441,1.24,0.4,8.71,0.05,-0.51,0.03
2234451,1.43,0.36,8.66,0.04,-0.21,0.02
2234461,1.39,0.33,8.63,0.03,0.13,0
2234471,1.2,0.33,8.68,0.02,0.45,-0.01
2234481,0.93,0.37,8.76,0.01,0.72,-0.02
2234491,0.68,0.41,8.9,0,0.93,-0.03
2234501,0.33,0.44,9.07,0,1.05,-0.03
2234511,0.02,0.5,9.3,0,1.07,-0.03
2234521,-0.52,0.5,9.68,0.01,0.92,-0.04
2234531,-1.14,0.53,9.84,0.01,0.56,-0.03
2234541,-1.44,0.47,10.34,0.04,0.02,0.01
2234551,-1.02,0.54,9.76,0.06,-0.41,0.02
2234561,-1.01,0.59,9.68,0.06,-0.76,0.04
2234571,-0.67,0.65,9.46,0.07,-1.03,0.05
2234581,0.01,0.68,9.17,0.07,-1.16,0.07
2234591,0.63,0.69,8.89,0.06,-1.12,0.06
2234601,1.04,0.64,8.71,0.06,-0.94,0.06
2234611,1.41,0.55,8.53,0.05,-0.65,0.05
2234621,1.62,0.45,8.52,0.04,-0.28,0.03
2234631,1.75,0.33,8.52,0.03,0.13,0.01
2234641,1.41,0.26,8.62,0.02,0.51,-0.01
2234651,1.07,0.24,8.76,0.01,0.81,-0.02
2234661,0.75,0.27,8.92,0,1.04,-0.03
2234671,0.41,0.35,9.01,-0.01,1.18,-0.04
2234681,0.04,0.45,9.2,-0.01,1.24,-0.04
2234691,-0.3,0.55,9.01,-0.01,1.17,-0.04
2234701,-1.52,0.53,10.29,-0.06,0.81,-0.03
2234711,-1.37,0.5,10.57,0,0.3,0
2234721,-1.44,0.52,10.67,0.07,-0.22,0.02
2234731,-0.76,0.59,9.99,0.14,-0.68,0.03
2234741,-1.19,0.69,9.49,0.1,-0.98,0.01
2234751,-0.94,0.68,9.28,0.09,-1.25,0.05
2234761,0.07,0.62,9.05,0.08,-1.39,0.07
2234771,0.84,0.6,8.77,0.07,-1.3,0.07
2234781,1.18,0.62,8.6,0.06,-1.04,0.07
2234791,1.46,0.59,8.41,0.05,-0.69,0.07
2234801,1.94,0.45,8.39,0.04,-0.29,0.06
2234811,2.12,0.34,8.4,0.02,0.14,0.02
2234821,1.57,0.3,8.52,0.01,0.53,-0.01
2234831,1.05,0.25,8.71,0,0.86,-0.02
2234841,0.67,0.26,8.94,-0.01,1.08,-0.03
2234851,0.32,0.29,9.22,-0.01,1.18,-0.04
2234861,-0.22,0.37,9.58,0,1.12,-0.05
2234871,-0.81,0.48,9.85,0.01,0.86,-0.04
2234881,-1,0.55,9.93,0.03,0.49,-0.02
2234891,-0.94,0.61,9.87,0.04,0.1,0
2234901,-0.86,0.68,9.68,0.05,-0.23,0.02
2234911,-0.57,0.68,9.5,0.05,-0.47,0.03
2234921,-0.34,0.68,9.35,0.05,-0.61,0.04
2234931,-0.08,0.65,9.16,0.05,-0.67,0.04
2234941,0.33,0.62,9.02,0.05,-0.64,0.04
2234951,0.53,0.57,8.94,0.04,-0.55,0.04
2234961,0.7,0.51,8.94,0.03,-0.42,0.03
2234971,0.78,0.43,8.94,0.03,-0.27,0.02
2234981,0.86,0.39,8.98,0.03,-0.11,0.02
2234991,0.88,0.33,9,0.03,0.06,0
2235001,0.73,0.26,9.05,0.03,0.22,-0.01
2235011,0.56,0.27,9.1,0.03,0.34,-0.01
2235021,0.38,0.29,9.13,0.03,0.42,-0.02
2235031,0.21,0.36,9.16,0.03,0.46,-0.02
2235041,0.03,0.45,9.21,0.03,0.46,-0.02
2235051,-0.11,0.54,9.24,0.02,0.41,-0.01
2235061,-0.28,0.61,9.37,0.02,0.32,0
2235071,-0.36,0.64,9.41,0.02,0.19,0.01
2235081,-0.33,0.68,9.44,0.03,0.05,0.02
2235091,-0.28,0.74,9.36,0.03,-0.08,0.03
2235101,-0.2,0.74,9.29,0.03,-0.18,0.03
2235111,-0.14,0.7,9.26,0.03,-0.25,0.02
2235121,-0.19,0.72,9.3,0.03,-0.33,0.02
2235131,-0.28,0.73,9.37,0.03,-0.44,0.02
2235141,-0.23,0.71,9.39,0.03,-0.58,0.03
2235151,0.02,0.63,9.32,0.03,-0.67,0.04
2235161,0.23,0.69,9.28,0.04,-0.66,0.06
2235171,0.35,0.38,8.95,0.06,-0.55,0.1
2235181,1.44,-0.07,8.9,0.05,-0.39,0.09
2235191,1.95,-0.15,8.78,0.05,-0.11,0.03
2235201,1.45,-0.07,8.78,0.06,0.23,-0.02
2235211,1.02,-0.01,8.89,0.05,0.47,-0.03
2235221,0.72,0.06,8.9,0.03,0.65,-0.03
2235231,0.56,0.21,9,0.02,0.77,-0.02
2235241,0.19,0.37,9.15,0.01,0.8,-0.02
2235251,-0.04,0.54,9.39,0.01,0.73,-0.02
2235261,-0.09,0.64,9.57,0.01,0.56,-0.03
2235271,-0.45,0.77,9.61,0.02,0.34,-0.05
2235281,-1.04,0.95,9.56,0.03,0.11,-0.04
2235291,-1.32,1.04,9.48,0.03,-0.11,0.01
2235301,-0.66,1.02,9.39,0.03,-0.31,0.04
2235311,-0.26,1,9.27,0.04,-0.43,0.03
2235321,-0.18,0.95,9.27,0.04,-0.51,0.02
2235331,-0.08,0.85,9.27,0.04,-0.58,0.02
2235341,0.08,0.7,9.25,0.04,-0.64,0.02
2235351,0.13,0.53,9.26,0.04,-0.68,0.03
2235361,0.23,0.4,9.24,0.04,-0.68,0.04
2235371,0.29,0.26,9.11,0.05,-0.6,0.07
2235381,0.86,-0.06,9.01,0.05,-0.46,0.1
2235391,1.71,-0.25,8.92,0.05,-0.27,0.07
2235401,1.62,-0.14,8.87,0.04,-0.02,0.01
2235411,1.13,0.04,8.94,0.04,0.23,-0.01
2235421,0.91,0.22,8.93,0.03,0.4,-0.01
2235431,0.8,0.39,8.92,0.03,0.55,-0.01
2235441,0.62,0.53,8.99,0.02,0.67,-0.02
2235451,0.3,0.65,9.1,0.02,0.74,-0.01
2235461,-0.01,0.77,9.27,0.02,0.73,-0.01
2235471,-0.35,0.83,9.39,0.02,0.63,-0.01
2235481,-0.59,0.87,9.54,0.02,0.45,-0.01
2235491,-0.76,0.91,9.58,0.02,0.2,0
2235501,-0.77,0.91,9.59,0.03,-0.07,0
2235511,-0.66,0.87,9.53,0.04,-0.32,0.01
2235521,-0.48,0.77,9.45,0.04,-0.52,0.01
2235531,-0.23,0.61,9.33,0.05,-0.66,0.01
2235541,0.08,0.43,9.26,0.05,-0.73,0.02
2235551,0.37,0.31,9.17,0.05,-0.72,0.03
2235561,0.73,0.17,9.08,0.05,-0.64,0.03
2235571,1.08,0.06,8.99,0.05,-0.49,0.03
2235581,1.32,-0.02,8.85,0.05,-0.27,0.02
2235591,1.37,-0.05,8.79,0.04,0,0
2235601,1.2,0,8.83,0.03,0.25,0
2235611,0.95,0.09,8.92,0.02,0.44,0
2235621,0.68,0.24,9.02,0.02,0.56,0.01
2235631,0.43,0.41,9.08,0.01,0.64,0.01
2235641,0.18,0.55,9.14,0.01,0.68,0.02
2235651,-0.07,0.67,9.25,0.01,0.66,0.02
2235661,-0.3,0.79,9.4,0.01,0.57,0.02
2235671,-0.47,0.94,9.5,0.01,0.41,0.02
2235681,-0.5,1.06,9.52,0.02,0.22,0.02
2235691,-0.51,1.17,9.5,0.03,0.04,0
2235701,-0.54,1.18,9.44,0.04,-0.12,-0.01
2235711,-0.48,1.05,9.38,0.05,-0.26,-0.02
2235721,-0.43,0.82,9.33,0.05,-0.37,-0.03
2235731,-0.38,0.58,9.39,0.05,-0.48,-0.02
2235741,-0.17,0.37,9.33,0.05,-0.56,0
2235751,0.2,0.16,9.28,0.06,-0.6,0.01
2235761,0.51,0,9.21,0.05,-0.6,0.02
2235771,0.79,-0.08,9.14,0.05,-0.55,0.03
2235781,1.08,-0.11,8.98,0.05,-0.44,0.03
2235791,1.26,-0.04,8.88,0.04,-0.27,0.02
2235801,1.23,0.07,8.82,0.03,-0.04,0.01
2235811,1.05,0.19,8.83,0.02,0.19,0.01
2235821,0.79,0.33,8.94,0.02,0.39,0.01
2235831,0.52,0.48,9.03,0.01,0.54,0.02
2235841,0.29,0.58,9.14,0.01,0.63,0.02
2235851,0,0.62,9.24,0.01,0.64,0.02
2235861,-0.2,0.62,9.38,0.01,0.57,0.03
2235871,-0.31,0.66,9.44,0.01,0.43,0.03
2235881,-0.38,0.75,9.5,0.02,0.24,0.03
2235891,-0.32,0.88,9.47,0.03,0.06,0.02
2235901,-0.26,1.02,9.37,0.03,-0.07,0.01
2235911,-0.19,1.07,9.25,0.04,-0.14,-0.01
2235921,-0.21,1.01,9.19,0.05,-0.18,-0.02
2235931,-0.21,0.85,9.22,0.05,-0.21,-0.02
2235941,-0.19,0.68,9.27,0.05,-0.24,-0.02
2235951,-0.1,0.48,9.28,0.05,-0.28,-0.01
2235961,0.05,0.26,9.31,0.05,-0.32,0
2235971,0.27,0.1,9.3,0.05,-0.35,0.01
2235981,0.5,-0.05,9.26,0.04,-0.36,0.01
2235991,0.73,-0.1,9.16,0.04,-0.33,0.01
2236001,0.85,-0.13,9.06,0.04,-0.25,0.02
2236011,0.9,-0.09,8.99,0.03,-0.13,0.02
2236021,0.91,0.04,8.93,0.03,0.02,0.03
2236031,0.82,0.24,8.93,0.02,0.2,0.03
2236041,0.63,0.44,8.97,0.02,0.37,0.03
2236051,0.36,0.59,9,0.01,0.5,0.03
2236061,0.06,0.66,9.14,0.01,0.56,0.03
2236071,-0.17,0.74,9.3,0.01,0.54,0.03
2236081,-0.34,0.8,9.44,0.01,0.43,0.03
2236091,-0.49,0.92,9.5,0.02,0.26,0.03
2236101,-0.47,1.05,9.52,0.03,0.07,0.02
2236111,-0.4,1.15,9.42,0.04,-0.09,0
2236121,-0.26,1.14,9.25,0.05,-0.19,-0.01
2236131,-0.22,1.02,9.25,0.05,-0.26,-0.03
2236141,-0.27,0.89,9.24,0.05,-0.33,-0.03
2236151,-0.15,0.69,9.23,0.05,-0.38,-0.03
2236161,-0.08,0.49,9.26,0.05,-0.41,-0.02
2236171,0.08,0.3,9.26,0.05,-0.43,-0.01
2236181,0.25,0.11,9.27,0.05,-0.43,-0.01
2236191,0.53,0.02,9.22,0.05,-0.41,0
2236201,0.76,-0.05,9.16,0.05,-0.36,0
2236211,0.93,-0.04,9.02,0.04,-0.27,0
2236221,1.01,0,8.99,0.04,-0.14,0
2236231,0.94,0.06,8.99,0.03,0.01,0
2236241,0.78,0.14,9.05,0.03,0.15,0.01
2236251,0.6,0.22,9.09,0.02,0.24,0.03
2236261,0.44,0.3,9.16,0.01,0.3,0.04
2236271,0.29,0.39,9.14,0.01,0.35,0.05
2236281,0.2,0.48,9.17,0.01,0.37,0.05
2236291,0.12,0.51,9.22,0.01,0.37,0.05
2236301,-0.06,0.51,9.31,0.01,0.33,0.04
2236311,-0.18,0.51,9.34,0.01,0.23,0.04
2236321,-0.25,0.54,9.4,0.01,0.11,0.05
2236331,-0.19,0.66,9.4,0.02,-0.01,0.05
2236341,-0.09,0.77,9.32,0.03,-0.08,0.05
2236351,0,0.9,9.36,0.05,-0.03,0.04
2236361,-0.11,1.19,8.9,0.06,0.03,0
2236371,0.12,1.18,8.88,0.05,0.09,-0.02
2236381,0.07,1.18,9.26,0.05,0.09,-0.05
2236391,-0.12,1.11,9.46,0.05,-0.02,-0.05
2236401,-0.08,0.97,9.43,0.06,-0.18,-0.06
2236411,0.02,0.79,9.42,0.06,-0.33,-0.04
2236421,0.15,0.66,9.13,0.06,-0.41,-0.04
2236431,0.35,0.49,9.09,0.06,-0.4,-0.03
2236441,0.47,0.36,9,0.05,-0.31,-0.03
2236451,0.53,0.19,9.08,0.05,-0.19,-0.04
2236461,0.52,0.03,9,0.04,-0.06,-0.04
2236471,0.49,-0.15,9.14,0.04,0.04,-0.04
2236481,0.41,-0.24,9.32,0.03,0.06,-0.02
2236491,0.42,-0.27,9.43,0.03,0.03,0
2236501,0.39,-0.21,9.35,0.03,-0.02,0.03
2236511,0.46,-0.12,9.25,0.02,-0.04,0.06
2236521,0.54,0.03,9.1,0.02,0.01,0.07
2236531,0.61,0.24,8.98,0.01,0.15,0.07
2236541,0.52,0.46,8.92,0.01,0.31,0.06
2236551,0.35,0.63,8.99,0,0.45,0.04
2236561,0.13,0.71,9.19,0,0.54,0.03
2236571,-0.15,0.68,9.46,0.01,0.56,0.03
2236581,-0.42,0.63,9.23,0.01,0.48,0.03
2236591,-0.52,0.59,9.34,0.01,0.33,0.04
2236601,-0.62,0.64,9.69,0.01,0.14,0.06
2236611,-0.45,0.74,9.51,0.03,-0.03,0.07
2236621,-0.23,0.93,9.24,0.05,-0.12,0.05
2236631,-0.1,1.09,9,0.05,-0.14,0.03
2236641,0.13,1.15,9.09,0.05,-0.12,0
2236651,0.18,1.11,9.16,0.05,-0.12,-0.03
2236661,0.11,0.99,9.22,0.05,-0.16,-0.04
2236671,0.01,0.89,9.29,0.05,-0.22,-0.04
2236681,-0.05,0.73,9.26,0.05,-0.26,-0.03
2236691,-0.02,0.56,9.08,0.05,-0.27,-0.02
2236701,0.11,0.37,9.18,0.05,-0.23,-0.01
2236711,0.18,0.21,9.16,0.05,-0.18,-0.01
2236721,0.33,0.1,9.2,0.04,-0.12,-0.01
2236731,0.38,0.03,9.18,0.04,-0.07,-0.01
2236741,0.41,0.02,9.21,0.04,-0.04,-0.01
2236751,0.41,0.03,9.18,0.03,-0.01,-0.01
2236761,0.39,0.1,9.18,0.03,0.03,0
2236771,0.3,0.15,9.18,0.03,0.05,0.01
2236781,0.24,0.21,9.2,0.02,0.08,0.02
2236791,0.15,0.31,9.18,0.02,0.11,0.04
2236801,0.07,0.38,9.18,0.02,0.12,0.05
2236811,0.06,0.43,9.21,0.02,0.14,0.06
2236821,0.11,0.47,9.13,0.02,0.15,0.06
2236831,0.04,0.5,9.22,0.01,0.15,0.05
2236841,-0.04,0.52,9.42,0.02,0.13,0.05
2236851,-0.14,0.62,9.45,0.03,0.08,0.04
2236861,-0.23,0.82,9.19,0.03,0.02,0.03
2236871,-0.14,1.13,9.15,0.03,-0.02,0.02
2236881,0,1.36,9.21,0.05,-0.03,-0.01
2236891,0,1.36,9.17,0.05,-0.04,-0.04
2236901,-0.06,1.22,9.2,0.06,-0.09,-0.05
2236911,-0.17,0.98,9.27,0.05,-0.17,-0.05
2236921,-0.2,0.74,9.22,0.05,-0.25,-0.05
2236931,-0.13,0.47,9.27,0.05,-0.32,-0.04
2236941,-0.02,0.26,9.3,0.05,-0.35,-0.03
2236951,0.23,0.05,9.27,0.05,-0.36,-0.01
2236961,0.38,-0.07,9.22,0.05,-0.33,-0.01
2236971,0.53,-0.16,9.21,0.05,-0.29,0
2236981,0.7,-0.16,9.09,0.04,-0.23,0
2236991,0.79,-0.18,9.02,0.03,-0.13,0.01
2237001,0.79,-0.17,9.03,0.03,-0.02,0.02
2237011,0.65,-0.05,9.06,0.02,0.09,0.04
2237021,0.59,0.11,9.08,0.01,0.2,0.05
2237031,0.49,0.28,9.07,0.01,0.32,0.06
2237041,0.38,0.46,9.06,0.01,0.42,0.06
2237051,0.21,0.59,9.1,0.01,0.49,0.05
2237061,-0.06,0.61,9.44,0.01,0.52,0.04
2237071,-0.32,0.64,9.36,0.02,0.46,0.04
2237081,-0.51,0.69,9.22,0.01,0.34,0.04
2237091,-0.62,0.86,9.52,0.01,0.18,0.04
2237101,-0.51,1.16,9.57,0.03,0.03,0.03
2237111,-0.24,1.41,9.29,0.06,-0.07,0.01
2237121,-0.16,1.48,8.96,0.06,-0.14,-0.02
2237131,0.04,1.35,9.29,0.06,-0.19,-0.04
2237141,-0.06,1.15,9.12,0.06,-0.24,-0.06
2237151,-0.09,0.91,9.11,0.05,-0.3,-0.06
2237161,-0.21,0.66,9.24,0.05,-0.36,-0.05
2237171,-0.02,0.39,9.34,0.05,-0.41,-0.03
2237181,0.16,0.1,9.22,0.05,-0.41,-0.02
2237191,0.33,-0.12,9.24,0.05,-0.39,-0.01
2237201,0.52,-0.25,9.23,0.04,-0.35,0.01
2237211,0.73,-0.31,9.18,0.04,-0.29,0.01
2237221,0.91,-0.28,9.06,0.03,-0.18,0.02
2237231,0.9,-0.22,9.02,0.03,-0.05,0.02
2237241,0.87,-0.08,8.99,0.02,0.1,0.02
2237251,0.73,0.13,9.01,0.01,0.26,0.03
2237261,0.58,0.4,9.02,0.01,0.42,0.03
2237271,0.37,0.65,9.09,0.01,0.54,0.03
2237281,0.14,0.84,9.15,0.01,0.6,0.02
2237291,-0.11,0.98,9.26,0.02,0.58,0.02
2237301,-0.34,1.04,9.48,0.02,0.5,0.01
2237311,-0.53,1.04,9.3,0.03,0.38,0
2237321,-0.8,1.02,9.39,0.02,0.22,-0.01
2237331,-0.77,0.97,9.56,0.04,0.02,-0.02
2237341,-0.6,0.85,9.39,0.05,-0.14,-0.03
2237351,-0.62,0.72,9.36,0.05,-0.28,-0.02
2237361,-0.35,0.54,9.34,0.05,-0.41,-0.01
2237371,-0.01,0.4,9.24,0.05,-0.46,0
2237381,0.18,0.28,9.21,0.05,-0.47,0.01
2237391,0.46,0.18,9.13,0.05,-0.45,0.01
2237401,0.68,0.1,9.08,0.05,-0.37,0.01
2237411,0.8,0.07,9,0.04,-0.25,0.01
2237421,0.83,0.08,8.99,0.04,-0.09,0.01
2237431,0.73,0.1,8.95,0.03,0.07,0.01
2237441,0.55,0.13,9,0.02,0.22,0.01
2237451,0.36,0.19,9.11,0.02,0.32,0.02
2237461,0.14,0.26,9.19,0.02,0.38,0.03
2237471,-0.01,0.38,9.26,0.01,0.38,0.04
2237481,-0.11,0.51,9.28,0.01,0.34,0.04
2237491,-0.17,0.62,9.31,0.01,0.28,0.05
2237501,-0.2,0.67,9.34,0.01,0.2,0.05
2237511,-0.27,0.68,9.49,0.02,0.13,0.04
2237521,-0.36,0.74,9.19,0.03,0.05,0.04
2237531,-0.3,0.79,9.16,0.02,-0.02,0.04
2237541,-0.26,0.91,9.34,0.03,-0.07,0.03
2237551,-0.21,0.94,9.26,0.03,-0.09,0.02
2237561,-0.16,0.92,9.17,0.04,-0.12,0
2237571,-0.12,0.84,9.23,0.04,-0.15,-0.01
2237581,-0.05,0.71,9.24,0.04,-0.18,-0.01
2237591,0,0.54,9.26,0.04,-0.22,-0.01
2237601,0.05,0.34,9.28,0.05,-0.25,-0.01
2237611,0.14,0.12,9.29,0.04,-0.28,0.01
2237621,0.28,0,9.21,0.04,-0.27,0.02
2237631,0.4,-0.05,9.11,0.04,-0.22,0.03
2237641,0.56,0,9.05,0.03,-0.13,0.04
2237651,0.66,0.13,8.99,0.03,0.01,0.03
2237661,0.61,0.31,8.97,0.03,0.17,0.03
2237671,0.51,0.54,9,0.02,0.31,0.02
2237681,0.31,0.76,9.06,0.02,0.42,0
2237691,0,1,9.15,0.02,0.47,-0.01
2237701,-0.21,1.17,9.23,0.03,0.45,-0.02
2237711,-0.67,1.28,9.3,0.02,0.34,-0.04
2237721,-0.85,1.19,9.61,0.03,0.13,-0.03
2237731,-0.58,1.02,9.45,0.05,-0.03,-0.03
2237741,-0.68,0.81,9.35,0.06,-0.15,-0.03
2237751,-0.87,0.63,9.36,0.05,-0.3,-0.03
2237761,-0.43,0.41,9.47,0.05,-0.46,-0.01
2237771,-0.06,0.21,9.32,0.05,-0.55,-0.01
2237781,0.26,0.07,9.24,0.05,-0.6,0
2237791,0.61,-0.05,9.22,0.05,-0.59,0.01
2237801,0.87,-0.1,9.07,0.05,-0.51,0.01
2237811,1.02,-0.14,8.96,0.05,-0.36,0.01
2237821,1.01,-0.13,8.86,0.04,-0.16,0.01
2237831,0.96,-0.1,8.85,0.03,0.07,0.02
2237841,0.76,-0.02,8.88,0.02,0.3,0.03
2237851,0.57,0.15,8.99,0.01,0.49,0.04
2237861,0.33,0.34,9.08,0,0.61,0.04
2237871,0.06,0.5,9.19,0,0.66,0.04
2237881,-0.21,0.6,9.32,0,0.63,0.03
2237891,-0.39,0.58,9.39,0.01,0.54,0.03
2237901,-1.13,0.62,9.79,0.01,0.3,0.04
2237911,-0.58,0.66,9.45,0.02,0.05,0.06
2237921,-0.52,0.86,9.45,0.03,-0.08,0.05
2237931,-0.44,1.1,9.31,0.05,-0.16,0.04
2237941,-0.21,1.31,9.07,0.06,-0.18,0.02
2237951,-0.04,1.39,8.9,0.06,-0.17,0
2237961,0.11,1.28,9.19,0.05,-0.14,-0.03
2237971,-0.15,1.09,9.13,0.05,-0.15,-0.05
2237981,-0.23,0.84,9.3,0.05,-0.23,-0.05
2237991,-0.4,0.63,9.33,0.05,-0.36,-0.04
2238001,-0.24,0.39,9.41,0.05,-0.47,-0.02
2238011,-0.06,0.15,9.41,0.05,-0.55,-0.01
2238021,0.22,-0.04,9.3,0.05,-0.58,0.01
2238031,0.43,-0.17,9.22,0.05,-0.56,0.02
2238041,0.77,-0.23,9.1,0.05,-0.48,0.03
2238051,1.03,-0.24,8.98,0.05,-0.32,0.02
2238061,1.11,-0.23,8.9,0.04,-0.12,0.02
2238071,1.06,-0.14,8.87,0.03,0.09,0.02
2238081,0.92,0.05,8.9,0.02,0.3,0.02
2238091,0.65,0.29,9.01,0.01,0.47,0.03
2238101,0.33,0.51,9.11,0.01,0.57,0.03
2238111,0,0.68,9.19,0.01,0.61,0.03
2238121,-0.31,0.73,9.56,0.02,0.58,0.04
2238131,-0.64,0.77,9.33,0.02,0.45,0.04
2238141,-0.69,0.85,9.29,0.02,0.27,0.04
2238151,-0.74,0.99,9.65,0.02,0.06,0.04
2238161,-0.57,1.13,9.52,0.04,-0.13,0.03
2238171,-0.25,1.18,9.25,0.05,-0.25,0.01
2238181,-0.14,1.14,9.19,0.05,-0.32,0
2238191,0.09,0.99,9.22,0.05,-0.36,-0.02
2238201,0.12,0.77,9.17,0.05,-0.39,-0.02
2238211,0.17,0.57,9.23,0.05,-0.41,-0.02
2238221,0.23,0.36,9.23,0.05,-0.42,-0.01
2238231,0.41,0.17,9.22,0.05,-0.41,0
2238241,0.5,-0.01,9.18,0.05,-0.35,0
2238251,0.71,-0.2,9.11,0.05,-0.26,0.01
2238261,0.85,-0.31,9.05,0.05,-0.13,0.02
2238271,0.92,-0.35,9.01,0.04,0.02,0.02
2238281,0.9,-0.22,8.97,0.03,0.19,0.03
2238291,0.82,0.05,8.95,0.02,0.35,0.03
2238301,0.62,0.28,8.91,0.01,0.5,0.03
2238311,0.31,0.54,9.26,0.01,0.6,0.02
2238321,-0.04,0.75,9.23,0.02,0.64,0.02
2238331,-0.4,0.89,8.7,0.01,0.61,0.02
2238341,-0.72,1.1,9.63,0.01,0.49,0.01
2238351,-1.45,1.35,10.14,0.03,0.2,0.02
2238361,-0.65,1.47,9.44,0.05,-0.08,0.02
2238371,-0.94,1.54,9.22,0.05,-0.32,-0.01
2238381,-0.66,1.49,9.6,0.06,-0.59,-0.01
2238391,-0.42,1.33,9.17,0.05,-0.78,0
2238401,0,1.06,9.11,0.05,-0.9,0
2238411,-0.05,0.83,9.22,0.05,-0.96,0.02
2238421,-0.16,0.67,9.12,0.05,-0.93,0.07
2238431,0.27,0.15,9.01,0.06,-0.83,0.15
2238441,1.32,-0.47,9.03,0.06,-0.69,0.17
2238451,2.18,-0.82,8.7,0.04,-0.46,0.12
2238461,2.48,-0.78,8.95,0.04,-0.13,0.03
2238471,1.49,-0.52,8.78,0.04,0.23,-0.01
2238481,1.25,-0.31,8.89,0.03,0.51,-0.02
2238491,0.98,-0.06,8.93,0.02,0.7,-0.01
2238501,0.89,0.15,9,0.01,0.84,0
2238511,0.63,0.33,9.03,0,0.92,0.01
2238521,0.28,0.45,9.43,0,0.95,0.01
2238531,0.04,0.47,9.26,0.01,0.9,0.01
2238541,-0.05,0.5,9.26,0,0.75,-0.02
2238551,-0.71,0.67,9.53,-0.01,0.55,-0.04
2238561,-1.73,0.91,10.01,0.01,0.24,-0.02
2238571,-1.37,1.07,9.56,0.04,-0.01,0.04
2238581,-0.47,1.24,9.14,0.05,-0.16,0.04
2238591,-0.45,1.51,9.18,0.05,-0.23,0.02
2238601,-0.13,1.53,9.1,0.05,-0.3,-0.01
2238611,-0.02,1.39,9.33,0.06,-0.39,-0.04
2238621,-0.14,1.19,9.39,0.06,-0.52,-0.05
2238631,-0.17,0.93,9.2,0.06,-0.69,-0.04
2238641,0.07,0.58,9.45,0.06,-0.82,-0.03
2238651,0.33,0.27,9.23,0.07,-0.85,-0.01
2238661,0.67,0.01,8.91,0.06,-0.77,0
2238671,0.91,-0.22,8.99,0.05,-0.61,0.01
2238681,1.03,-0.29,8.88,0.04,-0.4,0.02
2238691,1.24,-0.28,8.84,0.03,-0.15,0.02
2238701,1.34,-0.19,8.89,0.02,0.1,0.02
2238711,1.25,0.01,8.88,0.02,0.34,0.01
2238721,1.06,0.18,8.83,0.01,0.57,0.01
2238731,0.88,0.35,8.89,0,0.77,0.01
2238741,0.65,0.53,9.03,-0.01,0.93,0.01
2238751,0.15,0.63,9.29,0,0.98,0
2238761,-0.48,0.69,9.65,0,0.87,0
2238771,-0.84,0.64,9.85,0.02,0.62,0.01
2238781,-1.13,0.61,9.77,0.03,0.28,0.02
2238791,-1.26,0.6,9.94,0.04,-0.13,0.02
2238801,-1.26,0.66,9.94,0.06,-0.53,0.03
2238811,-0.79,0.71,9.68,0.07,-0.85,0.05
2238821,-0.28,0.8,9.25,0.07,-1.04,0.06
2238831,0.39,0.83,8.94,0.07,-1.07,0.06
2238841,0.76,0.85,8.7,0.06,-0.92,0.06
2238851,1.15,0.85,8.51,0.06,-0.64,0.07
2238861,1.78,0.73,8.43,0.04,-0.3,0.06
2238871,2.05,0.58,8.37,0.03,0.07,0.03
2238881,1.54,0.46,8.48,0.01,0.5,0
2238891,0.99,0.32,8.69,0,0.85,-0.01
2238901,0.39,0.21,8.85,-0.02,1.07,-0.01
2238911,0.17,0.12,9.34,-0.02,1.14,-0.01
2238921,-0.34,0.13,9.76,-0.01,1.04,-0.03
2238931,-0.75,0.19,10.01,0.02,0.76,-0.03
2238941,-1.24,0.29,10.28,0.02,0.33,-0.04
2238951,-1.18,0.47,10.16,0.06,-0.12,-0.01
2238961,-0.81,0.66,9.41,0.07,-0.44,0
2238971,-0.85,0.8,9.49,0.07,-0.69,0.02
2238981,-0.4,0.84,9.33,0.07,-0.86,0.04
2238991,0.17,0.84,9.01,0.06,-0.91,0.06
2239001,0.74,0.76,8.81,0.06,-0.81,0.06
2239011,0.98,0.66,8.67,0.05,-0.6,0.05
2239021,1.17,0.53,8.62,0.03,-0.32,0.04
2239031,1.23,0.41,8.63,0.02,-0.01,0.02
2239041,1.14,0.36,8.64,0.01,0.32,0.01
2239051,0.86,0.31,8.77,0,0.61,0.01
2239061,0.5,0.3,8.88,-0.01,0.83,0.01
2239071,0.22,0.29,9.06,-0.01,0.97,0.02
2239081,-0.02,0.3,9.34,-0.01,1,0.01
2239091,-0.15,0.37,9.33,0,0.9,0
2239101,-1.14,0.39,10.15,-0.02,0.59,-0.02
2239111,-1.29,0.36,10.51,0.03,0.11,0
2239121,-0.99,0.4,10.49,0.09,-0.35,0.01
2239131,-0.53,0.61,9.28,0.13,-0.74,-0.01
2239141,-1.09,0.66,9.73,0.1,-1.03,-0.01
2239151,-0.96,0.78,9.29,0.09,-1.28,0.04
2239161,0.11,0.74,8.94,0.08,-1.37,0.07
2239171,0.94,0.71,8.66,0.07,-1.23,0.08
2239181,1.23,0.71,8.47,0.06,-0.91,0.08
2239191,1.68,0.65,8.35,0.05,-0.53,0.07
2239201,2.2,0.52,8.26,0.03,-0.09,0.04
2239211,1.87,0.45,8.33,0.01,0.41,0
2239221,1.32,0.39,8.53,0,0.83,-0.02
2239231,0.87,0.3,8.8,-0.01,1.14,-0.03
2239241,0.42,0.25,9.1,-0.02,1.3,-0.05
2239251,-0.22,0.25,9.49,-0.01,1.28,-0.05
2239261,-0.75,0.29,9.85,0,1.07,-0.05
2239271,-1.34,0.38,10.22,-0.02,0.63,-0.05
2239281,-1.36,0.4,10.58,0.03,0.14,-0.02
2239291,-0.95,0.52,10.27,0.09,-0.34,-0.01
2239301,-1.06,0.65,9.66,0.08,-0.72,-0.01
2239311,-1.14,0.77,9.54,0.09,-1.08,0.02
2239321,-0.58,0.79,9.31,0.08,-1.32,0.06
2239331,0.4,0.76,8.98,0.08,-1.37,0.08
2239341,0.86,0.73,8.65,0.07,-1.23,0.07
2239351,1.11,0.74,8.47,0.06,-0.94,0.09
2239361,1.89,0.65,8.31,0.04,-0.53,0.09
2239371,2.52,0.49,8.21,0.02,-0.06,0.04
2239381,2,0.43,8.34,0.01,0.46,0
2239391,1.36,0.35,8.57,0,0.9,-0.03
2239401,0.95,0.25,8.78,-0.01,1.21,-0.04
2239411,0.53,0.18,9.11,-0.02,1.39,-0.05
2239421,-0.21,0.19,9.5,-0.01,1.37,-0.07
2239431,-0.82,0.27,9.94,0,1.13,-0.06
2239441,-1.1,0.32,10.39,-0.01,0.62,-0.06
2239451,-1.49,0.46,10.38,0.04,0.05,-0.04
2239461,-1.1,0.66,9.72,0.07,-0.35,0
2239471,-1.12,0.78,9.69,0.07,-0.69,0.02
2239481,-0.63,0.84,9.35,0.07,-0.92,0.05
2239491,0.12,0.83,8.96,0.06,-0.98,0.07
2239501,0.83,0.76,8.76,0.06,-0.84,0.06
2239511,1.03,0.7,8.64,0.05,-0.6,0.04
2239521,1.14,0.57,8.66,0.03,-0.32,0.03
2239531,1.22,0.43,8.72,0.03,-0.03,0.02
2239541,1.12,0.34,8.79,0.02,0.24,0
2239551,0.88,0.27,8.88,0.01,0.46,-0.01
2239561,0.64,0.23,9.03,0.01,0.62,-0.02
2239571,0.35,0.29,9.16,0.01,0.72,-0.03
2239581,0,0.34,9.31,0.01,0.73,-0.03
2239591,-0.37,0.4,9.58,0.02,0.64,-0.03
2239601,-0.68,0.49,9.76,0.03,0.44,-0.02
2239611,-0.94,0.57,9.85,0.04,0.12,-0.01
2239621,-0.98,0.62,9.83,0.05,-0.23,0.01
2239631,-0.82,0.64,9.66,0.06,-0.52,0.03
2239641,-0.49,0.67,9.52,0.06,-0.77,0.04
2239651,-0.04,0.69,9.17,0.06,-0.89,0.05
2239661,0.68,0.69,8.86,0.05,-0.84,0.06
2239671,1.16,0.68,8.58,0.04,-0.62,0.04
2239681,1.31,0.63,8.51,0.03,-0.3,0.03
2239691,1.3,0.54,8.54,0.02,0.05,0.02
2239701,1.21,0.44,8.62,0.01,0.4,0
2239711,0.91,0.32,8.79,0,0.69,-0.01
2239721,0.48,0.23,9.05,0,0.86,-0.03
2239731,0.02,0.17,9.4,0,0.89,-0.03
2239741,-0.45,0.2,9.75,0.01,0.75,-0.04
2239751,-0.95,0.3,9.97,0.03,0.45,-0.03
2239761,-1.17,0.44,9.97,0.04,0.04,-0.01
2239771,-0.95,0.57,9.77,0.05,-0.33,0.01
2239781,-0.59,0.69,9.5,0.06,-0.6,0.03
2239791,-0.31,0.79,9.34,0.06,-0.75,0.04
2239801,0.12,0.82,9.1,0.06,-0.79,0.05
2239811,0.77,0.78,8.79,0.05,-0.69,0.05
2239821,1.02,0.7,8.68,0.04,-0.46,0.04
2239831,1.03,0.62,8.71,0.03,-0.2,0.02
2239841,1.01,0.48,8.71,0.03,0.06,0.02
2239851,1.07,0.37,8.68,0.01,0.33,0
2239861,0.94,0.27,8.81,0,0.6,-0.01
2239871,0.55,0.24,9.12,0,0.78,-0.03
2239881,0.04,0.3,9.22,0,0.84,-0.03
2239891,0.28,0.26,9.43,0.02,0.87,-0.03
2239901,-0.82,0.37,9.33,0,0.67,-0.08
2239911,-1.27,0.39,10.07,0.02,0.27,-0.06
2239921,-1.02,0.46,10.04,0.05,-0.07,-0.02
2239931,-0.62,0.6,9.56,0.08,-0.34,0
2239941,-0.91,0.71,9.51,0.07,-0.57,0
2239951,-0.72,0.78,9.46,0.06,-0.83,0.04
2239961,-0.19,0.78,9.23,0.07,-0.99,0.06
2239971,0.69,0.75,8.87,0.06,-0.95,0.06
2239981,0.92,0.7,8.65,0.06,-0.76,0.05
2239991,1.13,0.61,8.59,0.04,-0.5,0.04
2240001,1.3,0.5,8.58,0.03,-0.18,0.03
2240011,1.26,0.4,8.62,0.02,0.16,0.01
2240021,1.05,0.33,8.71,0.01,0.47,-0.01
2240031,0.78,0.27,8.95,0.01,0.71,-0.02
2240041,0.47,0.26,9.18,0.01,0.84,-0.03
2240051,-0.08,0.26,9.48,0.01,0.83,-0.04
2240061,-0.57,0.32,9.72,0.02,0.67,-0.04
2240071,-0.76,0.41,9.75,0.03,0.4,-0.02
2240081,-0.84,0.49,9.78,0.04,0.1,-0.01
2240091,-0.91,0.59,9.76,0.05,-0.22,0.01
2240101,-0.76,0.68,9.65,0.05,-0.52,0.03
2240111,-0.42,0.73,9.42,0.06,-0.74,0.05
2240121,0.04,0.75,9.19,0.06,-0.84,0.06
2240131,0.62,0.74,8.87,0.05,-0.77,0.05
2240141,0.87,0.7,8.69,0.04,-0.58,0.05
2240151,1.18,0.61,8.64,0.03,-0.32,0.03
2240161,1.21,0.5,8.66,0.02,0,0.02
2240171,1.04,0.41,8.71,0.02,0.29,0
2240181,0.86,0.33,8.84,0.01,0.54,-0.01
2240191,0.63,0.27,9,0,0.73,-0.02
2240201,0.37,0.23,9.24,0.01,0.83,-0.03
2240211,-0.14,0.26,9.53,0.01,0.79,-0.04
2240221,-0.62,0.33,9.72,0.03,0.61,-0.04
2240231,-0.89,0.39,9.79,0.03,0.32,-0.03
2240241,-1.06,0.49,9.88,0.05,-0.04,0
2240251,-0.99,0.59,9.77,0.05,-0.39,0.01
2240261,-0.68,0.69,9.58,0.06,-0.67,0.04
2240271,-0.22,0.73,9.29,0.06,-0.83,0.05
2240281,0.17,0.78,9.06,0.06,-0.87,0.06
2240291,0.68,0.78,8.8,0.05,-0.78,0.06
2240301,1.2,0.72,8.59,0.04,-0.54,0.05
2240311,1.29,0.63,8.54,0.03,-0.21,0.03
2240321,1.2,0.51,8.62,0.02,0.13,0.01
2240331,1.06,0.41,8.67,0.01,0.45,0
2240341,0.81,0.3,8.9,0,0.71,-0.02
2240351,0.46,0.22,9.17,0,0.86,-0.03
2240361,-0.1,0.21,9.51,0.01,0.84,-0.04
2240371,-0.65,0.27,9.75,0.02,0.65,-0.04
2240381,-0.81,0.33,9.78,0.03,0.36,-0.02
2240391,-0.79,0.41,9.76,0.04,0.06,-0.01
2240401,-0.88,0.53,9.75,0.05,-0.25,0
2240411,-0.76,0.65,9.61,0.06,-0.53,0.03
2240421,-0.38,0.73,9.43,0.06,-0.73,0.05
2240431,0.08,0.79,9.12,0.06,-0.79,0.06
2240441,0.62,0.77,8.86,0.05,-0.72,0.06
2240451,0.95,0.72,8.66,0.04,-0.51,0.05
2240461,1.1,0.65,8.61,0.03,-0.24,0.03
2240471,1.08,0.56,8.66,0.02,0.07,0.02
2240481,1.02,0.45,8.7,0.01,0.37,0
2240491,0.8,0.35,8.77,0,0.64,-0.01
2240501,0.49,0.27,9.03,0,0.82,-0.02
2240511,0.15,0.22,9.34,0,0.9,-0.03
2240521,-0.31,0.23,9.63,0.01,0.81,-0.04
2240531,-1.17,0.3,10.01,0,0.52,-0.05
2240541,-1.22,0.33,10.37,0.03,0.09,-0.01
2240551,-0.67,0.47,9.8,0.07,-0.27,0
2240561,-0.73,0.63,9.33,0.07,-0.49,0
2240571,-0.7,0.74,9.31,0.06,-0.68,0.03
2240581,-0.01,0.81,8.99,0.06,-0.75,0.05
2240591,0.81,0.83,8.68,0.05,-0.61,0.05
2240601,1.07,0.78,8.54,0.04,-0.31,0.03
2240611,0.98,0.69,8.61,0.02,0,0.02
2240621,0.91,0.54,8.71,0.01,0.29,0.01
2240631,0.75,0.39,8.77,0.01,0.55,0
2240641,0.38,0.26,8.96,0,0.73,-0.01
2240651,0,0.17,9.28,-0.01,0.8,-0.01
2240661,-0.45,0.23,9.15,-0.04,0.72,-0.03
2240671,-0.85,0.22,9.97,-0.03,0.5,-0.02
2240681,-0.93,0.3,10.08,0.01,0.21,-0.01
2240691,-0.98,0.43,10.18,0.05,-0.11,0
2240701,-0.78,0.53,10.14,0.1,-0.44,0.02
2240711,-0.31,0.77,8.82,0.12,-0.66,0
2240721,-0.73,0.81,9.28,0.08,-0.76,0.02
2240731,-0.25,0.77,9.14,0.07,-0.86,0.05
2240741,0.41,0.7,8.82,0.06,-0.83,0.05
2240751,0.78,0.65,8.81,0.05,-0.67,0.04
2240761,0.86,0.57,8.77,0.04,-0.47,0.03
2240771,1.01,0.5,8.72,0.03,-0.23,0.02
2240781,1.04,0.4,8.75,0.03,0.03,0.01
2240791,0.93,0.35,8.77,0.02,0.3,0
2240801,0.77,0.34,8.86,0.01,0.54,-0.01
2240811,0.48,0.31,9.06,0.01,0.71,-0.02
2240821,0.04,0.34,9.26,0.01,0.77,-0.03
2240831,-0.36,0.37,9.49,0.01,0.7,-0.03
2240841,-0.51,0.42,9.43,0.02,0.53,-0.02
2240851,-1.13,0.45,9.9,0.02,0.23,-0.01
2240861,-0.59,0.48,9.83,0.05,-0.08,0.01
2240871,-0.56,0.59,9.5,0.05,-0.29,0.01
2240881,-0.76,0.67,9.52,0.05,-0.51,0.02
2240891,-0.3,0.69,9.35,0.06,-0.69,0.04
2240901,0.19,0.68,9.14,0.06,-0.73,0.04
2240911,0.5,0.66,8.94,0.05,-0.66,0.04
2240921,0.8,0.62,8.77,0.05,-0.51,0.04
2240931,1.08,0.55,8.64,0.04,-0.26,0.03
2240941,1.14,0.48,8.63,0.03,0.04,0.01
2240951,0.96,0.44,8.71,0.02,0.35,0
2240961,0.73,0.38,8.84,0.01,0.6,-0.01
2240971,0.41,0.33,8.98,0,0.78,-0.02
2240981,0.03,0.32,9.24,0,0.86,-0.03
2240991,-0.24,0.38,9.12,0,0.8,-0.03
2241001,-1.01,0.4,9.87,-0.03,0.55,-0.02
2241011,-0.84,0.41,10.02,0.01,0.23,0
2241021,-0.82,0.49,10.04,0.05,-0.07,0.01
2241031,-0.52,0.52,10.02,0.09,-0.36,0.01
2241041,-0.66,0.69,9.13,0.09,-0.57,0
2241051,-0.85,0.7,9.41,0.07,-0.77,0.03
2241061,-0.21,0.64,9.27,0.07,-0.91,0.05
2241071,0.42,0.61,8.97,0.06,-0.89,0.05
2241081,0.78,0.6,8.81,0.06,-0.75,0.05
2241091,1.02,0.55,8.68,0.05,-0.53,0.04
2241101,1.27,0.48,8.62,0.04,-0.25,0.03
2241111,1.32,0.46,8.61,0.03,0.08,0.01
2241121,1.11,0.43,8.64,0.02,0.42,0
2241131,0.87,0.41,8.74,0.01,0.71,-0.01
2241141,0.58,0.41,8.85,0,0.94,-0.03
2241151,0.16,0.44,9.14,-0.01,1.08,-0.04
2241161,-0.15,0.57,8.6,-0.02,1.05,-0.05
2241171,-1.07,0.41,9.91,-0.06,0.75,-0.03
2241181,-1.11,0.37,10.34,-0.01,0.35,-0.01
2241191,-1.25,0.4,10.48,0.05,-0.09,0.01
2241201,-0.99,0.39,10.5,0.12,-0.52,0.02
2241211,-0.67,0.62,8.75,0.13,-0.87,0
2241221,-1.2,0.63,9.52,0.1,-1.14,0.03
2241231,-0.51,0.65,9.27,0.08,-1.32,0.07
2241241,0.64,0.66,8.65,0.07,-1.3,0.08
2241251,1.14,0.69,8.49,0.06,-1.02,0.07
2241261,1.44,0.68,8.47,0.05,-0.65,0.07
2241271,1.82,0.59,8.42,0.03,-0.25,0.05
2241281,1.78,0.48,8.47,0.02,0.18,0.01
2241291,1.36,0.42,8.54,0.01,0.58,-0.01
2241301,0.95,0.36,8.67,0,0.9,-0.02
2241311,0.55,0.31,8.93,-0.01,1.11,-0.03
2241321,0.21,0.29,9.24,-0.01,1.21,-0.04
2241331,-0.24,0.32,9.65,0,1.15,-0.06
2241341,-1.21,0.43,9.56,-0.02,0.81,-0.08
2241351,-1.73,0.42,10.49,0.01,0.3,-0.03
2241361,-0.99,0.46,10.23,0.07,-0.17,0.01
2241371,-0.4,0.62,9.31,0.09,-0.44,0.01
2241381,-0.88,0.72,9.47,0.07,-0.63,0.02
2241391,-0.44,0.72,9.27,0.07,-0.8,0.05
2241401,0.32,0.68,8.89,0.06,-0.8,0.06
2241411,0.83,0.65,8.74,0.05,-0.63,0.05
2241421,0.88,0.62,8.73,0.04,-0.39,0.03
2241431,0.9,0.51,8.75,0.03,-0.16,0.02
2241441,0.87,0.47,8.81,0.03,0.07,0.01
2241451,0.8,0.42,8.91,0.02,0.28,0
2241461,0.51,0.37,9.04,0.02,0.41,-0.01
2241471,0.16,0.36,9.26,0.02,0.46,-0.02
2241481,-0.09,0.4,9.38,0.02,0.43,-0.02
2241491,-0.31,0.44,9.45,0.03,0.33,-0.01
2241501,-0.45,0.48,9.51,0.03,0.18,-0.01
2241511,-0.44,0.54,9.46,0.04,0.02,0
2241521,-0.34,0.57,9.41,0.04,-0.12,0.01
2241531,-0.24,0.62,9.38,0.04,-0.24,0.02
2241541,-0.11,0.63,9.31,0.04,-0.33,0.02
2241551,0.13,0.64,9.17,0.04,-0.36,0.03
2241561,0.42,0.61,9,0.04,-0.32,0.03
2241571,0.65,0.59,8.92,0.03,-0.19,0.02
2241581,0.62,0.54,8.95,0.03,-0.04,0.01
2241591,0.57,0.5,8.95,0.02,0.11,0.01
2241601,0.49,0.42,8.98,0.02,0.24,0
2241611,0.37,0.42,9.03,0.02,0.36,0
2241621,0.26,0.41,9.12,0.02,0.44,-0.01
2241631,0.06,0.4,9.23,0.02,0.48,-0.01
2241641,-0.18,0.4,9.36,0.02,0.44,-0.01
2241651,-0.27,0.44,9.31,0.02,0.36,-0.01
2241661,-0.7,0.46,9.6,0.02,0.2,-0.01
2241671,-0.45,0.46,9.57,0.03,0.01,0.01
2241681,-0.27,0.52,9.42,0.04,-0.11,0.01
2241691,-0.34,0.58,9.32,0.05,-0.19,0.01
2241701,-0.33,0.6,9.29,0.05,-0.29,0.02
2241711,-0.04,0.59,9.21,0.05,-0.34,0.03
2241721,0.25,0.57,9.05,0.04,-0.31,0.03
2241731,0.42,0.55,8.92,0.04,-0.21,0.02
2241741,0.59,0.54,8.83,0.03,-0.06,0.02
2241751,0.56,0.52,8.84,0.03,0.12,0.01
2241761,0.49,0.5,8.93,0.02,0.3,0
2241771,0.27,0.49,9.01,0.01,0.43,0
2241781,-0.03,0.5,8.93,0,0.48,-0.02
2241791,-0.48,0.48,9.28,-0.02,0.39,0
2241801,-0.27,0.42,9.39,-0.01,0.32,-0.01
2241811,-0.71,0.42,9.77,0,0.19,-0.01
2241821,-0.74,0.43,9.81,0.03,-0.02,0
2241831,-0.73,0.48,9.92,0.07,-0.22,0
2241841,-0.37,0.51,9.74,0.11,-0.46,0
2241851,-0.5,0.62,8.99,0.09,-0.59,-0.01
2241861,-0.69,0.64,9.32,0.07,-0.76,0.02
2241871,-0.04,0.6,9.18,0.07,-0.88,0.05
2241881,0.56,0.55,9.01,0.06,-0.85,0.05
2241891,0.64,0.52,8.95,0.05,-0.73,0.04
2241901,0.81,0.47,8.86,0.05,-0.57,0.04
2241911,1.05,0.44,8.69,0.04,-0.33,0.03
2241921,1.18,0.41,8.66,0.03,-0.04,0.02
2241931,1.03,0.42,8.69,0.02,0.27,0
2241941,0.84,0.41,8.77,0.01,0.53,-0.01
2241951,0.6,0.44,8.9,0.01,0.73,-0.02
2241961,0.4,0.48,8.99,0,0.87,-0.03
2241971,0.11,0.5,9.12,0,0.94,-0.03
2241981,0.02,0.58,8.71,-0.02,0.93,-0.03
2241991,-0.8,0.49,9.67,-0.06,0.7,-0.01
2242001,-0.68,0.44,9.75,-0.03,0.46,-0.01
2242011,-0.97,0.44,10.07,0,0.19,0
2242021,-1.09,0.43,10.24,0.06,-0.14,0.01
2242031,-0.99,0.43,10.17,0.1,-0.43,0.02
2242041,-0.26,0.52,9.23,0.13,-0.68,0.01
2242051,-0.79,0.57,9.39,0.09,-0.81,0.01
2242061,-0.49,0.6,9.22,0.08,-0.96,0.04
2242071,0.39,0.61,8.94,0.07,-0.98,0.06
2242081,0.87,0.62,8.81,0.06,-0.84,0.05
2242091,1.05,0.63,8.65,0.05,-0.61,0.05
2242101,1.29,0.6,8.54,0.04,-0.31,0.04
2242111,1.37,0.52,8.5,0.03,0.04,0.02
2242121,1.18,0.44,8.54,0.01,0.42,0
2242131,0.82,0.4,8.69,0,0.75,-0.02
2242141,0.54,0.35,8.85,-0.01,0.99,-0.03
2242151,0.15,0.37,9.1,-0.01,1.12,-0.03
2242161,-0.09,0.53,8.37,-0.03,1.1,-0.05
2242171,-0.8,0.38,9.75,-0.07,0.85,-0.03
2242181,-0.92,0.37,10.08,-0.04,0.55,-0.01
2242191,-1.02,0.45,10.24,0,0.18,0.01
2242201,-0.84,0.48,9.96,0.05,-0.14,0.01
2242211,-1.05,0.49,10.02,0.09,-0.39,0.02
2242221,-0.66,0.5,9.94,0.14,-0.65,0.03
2242231,-0.44,0.64,8.64,0.11,-0.82,0
2242241,-0.91,0.62,9.34,0.09,-0.98,0.03
2242251,-0.18,0.58,9.31,0.08,-1.13,0.06
2242261,0.51,0.57,8.95,0.07,-1.13,0.06
2242271,0.84,0.58,8.78,0.06,-0.99,0.06
2242281,1.05,0.59,8.59,0.06,-0.73,0.07
2242291,1.41,0.56,8.47,0.05,-0.38,0.07
2242301,1.87,0.49,8.39,0.03,0,0.04
2242311,1.65,0.47,8.37,0.01,0.44,0
2242321,1.19,0.46,8.48,0,0.87,-0.02
2242331,0.83,0.43,8.66,-0.02,1.21,-0.03
2242341,0.32,0.43,8.91,-0.03,1.44,-0.04
2242351,-0.16,0.51,8.66,-0.04,1.48,-0.04
2242361,-1.09,0.33,9.99,-0.1,1.2,-0.04
2242371,-1.75,0.28,10.91,-0.05,0.68,-0.01
2242381,-0.8,0.34,10.15,0.02,0.09,0.01
2242391,-0.9,0.4,10.04,0.06,-0.22,0
2242401,-1.45,0.49,10.3,0.12,-0.56,0.01
2242411,-0.55,0.6,9.6,0.17,-0.87,0.03
2242421,-0.55,0.75,8.76,0.1,-0.93,0.01
2242431,-0.4,0.78,8.92,0.08,-0.98,0.04
2242441,0.5,0.7,8.79,0.07,-0.94,0.06
2242451,1.11,0.67,8.65,0.05,-0.72,0.05
2242461,1.21,0.64,8.63,0.04,-0.44,0.03
2242471,1.24,0.55,8.61,0.03,-0.13,0.02
2242481,1.25,0.45,8.62,0.02,0.2,0
2242491,0.98,0.36,8.67,0.01,0.52,-0.01
2242501,0.67,0.3,8.77,0,0.8,-0.02
2242511,0.3,0.28,8.94,-0.01,1,-0.03
2242521,-0.13,0.31,9.1,-0.01,1.08,-0.03
2242531,-1.01,0.36,9.76,-0.07,0.94,-0.04
2242541,-0.96,0.34,10.02,-0.05,0.66,-0.02
2242551,-1.11,0.43,10.37,0,0.27,0
2242561,-0.93,0.49,10.2,0.05,-0.14,0.01
2242571,-1.22,0.54,10.33,0.11,-0.49,0.02
2242581,-0.41,0.59,9.78,0.16,-0.8,0.03
2242591,-0.55,0.72,8.68,0.1,-0.89,0.01
2242601,-0.63,0.69,9.07,0.08,-0.99,0.04
2242611,0.2,0.64,9,0.07,-1.01,0.06
2242621,0.85,0.6,8.79,0.06,-0.88,0.06
2242631,1.05,0.59,8.7,0.05,-0.65,0.04
2242641,1.25,0.52,8.62,0.04,-0.38,0.03
2242651,1.38,0.45,8.57,0.03,-0.05,0.02
2242661,1.27,0.4,8.61,0.02,0.3,0
2242671,1.03,0.37,8.65,0.01,0.63,-0.01
2242681,0.7,0.39,8.77,0,0.92,-0.02
2242691,0.43,0.37,8.89,-0.01,1.13,-0.03
2242701,0.03,0.48,8.71,-0.02,1.25,-0.04
2242711,-0.96,0.45,9.71,-0.1,1.1,-0.04
2242721,-1.49,0.4,10.51,-0.07,0.82,-0.02
2242731,-1.02,0.42,10.26,0,0.31,0.01
2242741,-0.75,0.46,10.01,0.04,-0.08,0.01
2242751,-0.88,0.44,10.12,0.08,-0.35,-0.01
2242761,-1.42,0.44,10.35,0.14,-0.7,0.01
2242771,-0.64,0.69,8.71,0.18,-0.99,0.01
2242781,-0.99,0.63,9.54,0.11,-1.16,0.02
2242791,-0.44,0.66,9.09,0.09,-1.33,0.06
2242801,0.46,0.6,8.73,0.08,-1.33,0.08
2242811,1.06,0.63,8.65,0.07,-1.11,0.08
2242821,1.37,0.65,8.46,0.05,-0.79,0.08
2242831,1.88,0.58,8.31,0.04,-0.38,0.07
2242841,2.16,0.5,8.23,0.02,0.05,0.03
2242851,1.74,0.46,8.29,0,0.57,-0.01
2242861,1.22,0.41,8.37,-0.01,1.04,-0.03
2242871,0.87,0.37,8.59,-0.03,1.42,-0.04
2242881,0.31,0.34,8.86,-0.04,1.68,-0.06
2242891,-0.19,0.59,7.49,-0.12,1.66,-0.08
2242901,-1.19,0.23,11.96,-0.11,1.32,-0.06
2242911,-1.52,0.74,11.29,-0.02,0.43,-0.01
2242921,-0.4,0.12,9.15,0.02,-0.01,0.05
2242931,-0.69,0.43,9.71,0.05,-0.17,-0.04
2242941,-1.77,0.53,9.82,0.08,-0.36,-0.03
2242951,-1.61,0.54,10.16,0.13,-0.62,0.02
2242961,-0.51,0.62,9.41,0.16,-0.86,0.04
2242971,-0.26,0.7,8.67,0.1,-0.87,0.02
2242981,-0.33,0.68,8.89,0.08,-0.88,0.04
2242991,0.45,0.59,8.91,0.06,-0.84,0.06
2243001,0.93,0.57,8.73,0.05,-0.67,0.05
2243011,1.03,0.53,8.75,0.04,-0.43,0.05
2243021,1.14,0.46,8.68,0.03,-0.18,0.04
2243031,1.22,0.42,8.64,0.02,0.1,0.03
2243041,1.13,0.38,8.58,0.01,0.43,0.01
2243051,0.75,0.41,8.59,0,0.77,-0.01
2243061,0.32,0.43,8.69,-0.02,1.06,-0.01
2243071,0.28,0.55,8.12,-0.04,1.26,0
2243081,-0.51,0.29,9.35,-0.12,1.23,-0.03
2243091,-1.58,0.51,11.05,-0.06,0.83,0.01
2243101,-1.65,0.35,9.82,0,0.05,0.22
2243111,0.13,0.2,9.54,0.03,-0.08,0.1
2243121,-0.58,0.42,9.68,0.05,-0.23,0.03
2243131,-1,0.45,9.9,0.08,-0.42,0.01
2243141,-1.3,0.51,10.11,0.13,-0.67,0.02
2243151,-0.18,0.6,8.93,0.15,-0.9,0.01
2243161,-0.89,0.66,9.34,0.1,-1,0.01
2243171,-0.25,0.68,8.92,0.08,-1.08,0.06
2243181,0.89,0.64,8.53,0.06,-0.98,0.06
2243191,1.31,0.66,8.42,0.05,-0.66,0.06
2243201,1.63,0.62,8.42,0.03,-0.27,0.04
2243211,1.67,0.52,8.37,0.02,0.15,0.02
2243221,1.26,0.44,8.46,0.01,0.59,-0.01
2243231,0.81,0.33,8.67,-0.01,0.95,-0.02
2243241,0.31,0.24,9.02,-0.01,1.19,-0.03
2243251,-0.15,0.37,8.46,-0.03,1.17,-0.06
2243261,-1.59,0.2,10.23,-0.05,0.8,-0.04
2243271,-1.42,0.17,10.64,0,0.28,-0.01
2243281,-1.36,0.25,10.79,0.07,-0.27,0.01
2243291,-0.71,0.46,10.5,0.16,-0.8,0
2243301,-0.8,0.73,8.82,0.12,-1.07,0
2243311,-1.04,0.85,9.17,0.11,-1.31,0.03
2243321,-0.07,0.91,8.77,0.08,-1.36,0.08
2243331,0.68,0.93,8.31,0.06,-1.11,0.11
2243341,1.18,0.86,8.29,0.04,-0.7,0.12
2243351,1.79,0.66,8.38,0.03,-0.28,0.11
2243361,2.18,0.44,8.52,0.01,0.12,0.05
2243371,1.52,0.31,8.61,0.01,0.5,0
2243381,1.02,0.21,8.86,0,0.8,-0.02
2243391,0.7,0.13,9.13,0,0.97,-0.03
2243401,0.11,0.16,9.49,0.01,0.98,-0.05
2243411,-0.5,0.22,9.75,0.02,0.81,-0.05
2243421,-0.9,0.34,9.89,0.03,0.5,-0.04
2243431,-1.13,0.45,9.97,0.05,0.11,-0.02
2243441,-1.12,0.59,9.84,0.06,-0.29,0
2243451,-0.87,0.69,9.67,0.06,-0.62,0.03
2243461,-0.47,0.81,9.33,0.07,-0.85,0.05
2243471,0.12,0.85,9.07,0.06,-0.93,0.06
2243481,0.74,0.84,8.69,0.05,-0.82,0.07
2243491,1.15,0.79,8.45,0.03,-0.55,0.06
2243501,1.52,0.66,8.39,0.02,-0.17,0.05
2243511,1.6,0.54,8.37,0.01,0.26,0.02
2243521,1.23,0.45,8.29,-0.01,0.72,0.01
2243531,0.92,0.44,8.5,-0.03,1.16,0.02
2243541,0.25,0.84,9.05,-0.02,1.47,0.05
2243551,1.08,-0.28,7.89,-0.06,1.48,0
2243561,-0.65,-0.09,11.33,-0.07,1.15,-0.08
2243571,-0.96,-0.1,10.7,0.01,0.31,-0.14
2243581,-2.32,0.2,10.27,0.06,-0.21,-0.12
2243591,-1.28,0.17,11.45,0.15,-0.76,-0.08
2243601,-1.48,0.76,8.52,0.19,-1.18,-0.06
2243611,-1.31,0.63,9.68,0.12,-1.47,-0.04
2243621,-1.28,0.98,8.7,0.1,-1.61,0.04
2243631,-1.08,1.18,8.15,0.08,-1.39,0.17
2243641,-0.18,1.26,8.26,0.06,-1.01,0.3
2243651,1.55,0.99,8.28,0.05,-0.6,0.36
2243661,3.07,0.62,8.17,0.02,-0.16,0.32
2243671,4.19,0.23,8.62,0.01,0.22,0.16
2243681,2.21,0.22,8.41,0,0.66,0.01
2243691,0.92,0.13,9.01,-0.01,0.98,-0.03
2243701,0.32,0.08,9.36,0,1.08,-0.05
2243711,-0.11,0.1,9.63,0.01,1.01,-0.06
2243721,-0.54,0.17,9.86,0.02,0.78,-0.06
2243731,-0.89,0.29,9.99,0.04,0.4,-0.05
2243741,-1.01,0.43,9.95,0.05,-0.03,-0.03
2243751,-0.75,0.58,9.83,0.06,-0.44,-0.01
2243761,-0.53,0.75,9.58,0.07,-0.76,0
2243771,-0.46,0.93,9.3,0.07,-0.95,0.02
2243781,0.07,0.96,8.97,0.06,-0.99,0.05
2243791,0.82,0.88,8.6,0.05,-0.84,0.07
2243801,1.35,0.77,8.4,0.03,-0.53,0.06
2243811,1.69,0.61,8.41,0.02,-0.12,0.04
2243821,1.61,0.48,8.45,0.01,0.31,0.01
2243831,1.39,0.35,8.5,0,0.72,-0.01
2243841,1.08,0.21,8.73,-0.02,1.06,-0.03
2243851,0.65,0.13,8.99,-0.02,1.28,-0.04
2243861,0.23,0.12,9.4,-0.02,1.36,-0.06
2243871,0.3,0.19,8.77,-0.02,1.19,-0.11
2243881,-0.91,0.16,10.04,-0.04,0.78,-0.18
2243891,-1.59,0.29,10.58,0.01,0.27,-0.16
2243901,-1.11,0.38,10.7,0.09,-0.26,-0.14
2243911,-1.38,0.78,9.94,0.16,-0.7,-0.14
2243921,-1.58,0.99,8.86,0.11,-0.85,-0.02
2243931,-0.81,0.9,8.99,0.09,-1.02,0.05
2243941,0.29,0.85,8.59,0.06,-0.97,0.08
2243951,1.06,0.81,8.51,0.04,-0.67,0.08
2243961,1.49,0.68,8.55,0.03,-0.32,0.05
2243971,1.27,0.55,8.59,0.02,0.02,0.02
2243981,1.03,0.4,8.7,0.01,0.32,0
2243991,0.78,0.29,8.79,0,0.58,0
2244001,0.5,0.2,8.96,-0.01,0.78,-0.01
2244011,0.25,0.15,9.3,0,0.89,-0.02
2244021,-0.07,0.24,9.11,0,0.86,-0.04
2244031,-1.03,0.27,9.94,-0.02,0.58,-0.04
2244041,-0.94,0.31,10.11,0.01,0.23,-0.01
2244051,-0.81,0.4,10.2,0.06,-0.13,0
2244061,-0.47,0.58,9.88,0.11,-0.45,-0.02
2244071,-0.77,0.79,8.97,0.1,-0.6,0
2244081,-0.88,0.81,9.32,0.08,-0.77,0.02
2244091,-0.19,0.83,9.05,0.06,-0.86,0.06
2244101,0.61,0.79,8.75,0.05,-0.78,0.06
2244111,1.02,0.72,8.63,0.04,-0.54,0.05
2244121,1.13,0.6,8.65,0.03,-0.26,0.03
2244131,1.04,0.49,8.72,0.02,0.03,0.02
2244141,0.99,0.36,8.77,0.02,0.3,0.01
2244151,0.81,0.27,8.82,0.01,0.56,-0.01
2244161,0.55,0.22,8.92,0,0.78,-0.02
2244171,0.22,0.22,9.07,0,0.92,-0.03
2244181,0.04,0.41,8.39,-0.03,0.95,-0.05
2244191,-0.71,0.36,9.55,-0.06,0.8,-0.04
2244201,-0.95,0.37,10.08,-0.04,0.54,-0.03
2244211,-1.27,0.47,10.47,0.01,0.14,0
2244221,-1.24,0.51,10.39,0.08,-0.3,0.01
2244231,-0.42,0.52,10.34,0.15,-0.68,0.01
2244241,-0.52,0.8,8.34,0.14,-0.83,0
2244251,-0.76,0.71,9.21,0.09,-0.9,0.02
2244261,-0.11,0.68,8.93,0.07,-0.94,0.06
2244271,0.58,0.64,8.57,0.05,-0.79,0.07
2244281,1.03,0.57,8.62,0.04,-0.5,0.06
2244291,1.37,0.5,8.62,0.03,-0.19,0.05
2244301,1.31,0.45,8.6,0.02,0.12,0.02
2244311,1.07,0.43,8.66,0.01,0.44,0
2244321,0.79,0.38,8.78,0,0.71,-0.01
2244331,0.36,0.35,9.01,-0.01,0.89,-0.03
2244341,-0.21,0.35,9.37,0,0.92,-0.03
2244351,-0.93,0.34,9.99,-0.04,0.71,-0.04
2244361,-1.29,0.36,10.31,-0.01,0.34,-0.01
2244371,-1.07,0.38,10.27,0.04,-0.06,0.01
2244381,-0.5,0.39,10.2,0.1,-0.41,0
2244391,-0.78,0.64,9.02,0.1,-0.66,-0.01
2244401,-0.89,0.65,9.33,0.08,-0.87,0.03
2244411,-0.11,0.62,9.15,0.07,-0.98,0.06
2244421,0.55,0.65,8.84,0.06,-0.93,0.06
2244431,0.95,0.65,8.69,0.05,-0.73,0.05
2244441,1.13,0.61,8.55,0.04,-0.47,0.04
2244451,1.31,0.55,8.53,0.03,-0.15,0.03
2244461,1.2,0.5,8.57,0.02,0.19,0.01
2244471,1.03,0.46,8.63,0.01,0.52,0
2244481,0.84,0.43,8.65,-0.01,0.83,-0.01
2244491,0.52,0.4,8.77,-0.02,1.08,-0.02
2244501,0.15,0.39,9.11,-0.02,1.23,-0.02
2244511,-0.56,0.45,9.05,-0.09,1.18,-0.05
2244521,-1.73,0.38,10.78,-0.07,0.96,-0.03
2244531,-1.14,0.33,10.43,-0.01,0.37,0.01
2244541,-0.78,0.39,10.1,0.04,-0.09,0
2244551,-1.12,0.42,10.08,0.09,-0.39,0
2244561,-0.96,0.4,10.25,0.14,-0.71,0.02
2244571,-0.54,0.75,8.4,0.16,-0.94,-0.01
2244581,-0.81,0.7,9.36,0.1,-0.98,0.01
2244591,-0.23,0.68,8.99,0.08,-1.05,0.05
2244601,0.57,0.64,8.6,0.06,-0.96,0.07
2244611,1.2,0.62,8.64,0.05,-0.71,0.06
2244621,1.44,0.56,8.54,0.04,-0.4,0.05
2244631,1.5,0.49,8.45,0.03,-0.05,0.02
2244641,1.3,0.45,8.51,0.01,0.33,0.01
2244651,1.07,0.41,8.56,0,0.71,-0.01
2244661,0.76,0.37,8.66,-0.01,1.04,-0.03
2244671,0.24,0.35,9,-0.02,1.27,-0.04
2244681,-0.79,0.47,8.7,-0.09,1.22,-0.08
2244691,-1.58,0.26,10.48,-0.08,0.93,-0.04
2244701,-1.37,0.33,10.59,-0.01,0.38,0
2244711,-0.74,0.38,10.17,0.04,-0.07,0
2244721,-1.08,0.43,10.33,0.09,-0.39,0
2244731,-0.89,0.47,10.4,0.16,-0.76,0.02
2244741,-0.56,0.79,8.12,0.15,-0.97,0.01
2244751,-0.84,0.71,9.37,0.1,-1.08,0.03
2244761,-0.02,0.65,8.94,0.07,-1.13,0.06
2244771,0.74,0.67,8.56,0.06,-0.99,0.07
2244781,1.26,0.63,8.58,0.05,-0.69,0.06
2244791,1.52,0.56,8.52,0.04,-0.34,0.04
2244801,1.45,0.46,8.55,0.03,0.01,0.02
2244811,1.27,0.39,8.57,0.01,0.36,0
2244821,1.14,0.34,8.59,0,0.71,-0.01
2244831,0.82,0.3,8.74,-0.01,1.02,-0.03
2244841,0.34,0.31,9.01,-0.01,1.23,-0.04
2244851,-0.05,0.55,7.97,-0.05,1.23,-0.06
2244861,-0.96,0.39,9.79,-0.09,0.99,-0.04
2244871,-1.44,0.38,10.75,-0.04,0.6,-0.02
2244881,-1.03,0.44,10.3,0.02,0.07,0.01
2244891,-1,0.48,10.09,0.07,-0.27,0
2244901,-1.35,0.52,10.27,0.13,-0.61,0.02
2244911,-0.42,0.66,9.11,0.17,-0.89,0.02
2244921,-0.72,0.72,9.13,0.1,-0.96,0.02
2244931,-0.37,0.68,8.96,0.08,-1.05,0.05
2244941,0.42,0.59,8.85,0.07,-1.03,0.06
2244951,0.83,0.56,8.91,0.06,-0.87,0.05
2244961,0.87,0.51,8.82,0.05,-0.68,0.05
2244971,1.07,0.46,8.7,0.04,-0.45,0.05
2244981,1.4,0.4,8.61,0.04,-0.16,0.05
2244991,1.53,0.38,8.54,0.02,0.16,0.02
2245001,1.22,0.41,8.56,0.01,0.52,0
2245011,0.91,0.44,8.67,0,0.85,-0.02
2245021,0.62,0.46,8.77,-0.01,1.11,-0.03
2245031,0.32,0.48,8.93,-0.02,1.3,-0.04
2245041,-0.16,0.68,7.8,-0.07,1.28,-0.07
2245051,-1.08,0.39,9.91,-0.1,1.04,-0.04
2245061,-1.4,0.36,10.86,-0.04,0.58,-0.01
2245071,-0.87,0.39,10.18,0.02,0.07,0.01
2245081,-0.76,0.41,9.93,0.06,-0.24,0
2245091,-1.32,0.43,10.13,0.11,-0.51,0
2245101,-0.85,0.44,9.92,0.16,-0.79,0.04
2245111,-0.45,0.68,8.37,0.12,-0.93,0.01
2245121,-0.58,0.66,9.16,0.09,-1.01,0.04
2245131,0.24,0.63,9.05,0.07,-1.04,0.06
2245141,0.8,0.63,8.77,0.06,-0.93,0.05
2245151,0.94,0.61,8.77,0.05,-0.75,0.05
2245161,1,0.56,8.76,0.05,-0.52,0.05
2245171,1.16,0.51,8.72,0.04,-0.27,0.04
2245181,1.2,0.43,8.7,0.03,0,0.02
2245191,1.13,0.37,8.7,0.02,0.3,0
2245201,0.87,0.38,8.81,0.02,0.57,-0.02
2245211,0.5,0.41,9.02,0.01,0.74,-0.03
2245221,0.15,0.47,9.18,0.01,0.8,-0.03
2245231,-0.05,0.49,9.29,0.01,0.77,-0.03
2245241,-0.14,0.54,9.31,0.01,0.7,-0.02
2245251,-0.26,0.56,9.35,0.01,0.6,-0.02
2245261,-1.03,0.58,9.85,0,0.36,-0.02
2245271,-0.65,0.53,9.89,0.03,0.07,0.01
2245281,-0.46,0.52,9.53,0.05,-0.12,0.01
2245291,-0.55,0.51,9.41,0.05,-0.27,0.01
2245301,-0.7,0.5,9.52,0.06,-0.44,0.02
2245311,-0.3,0.47,9.45,0.06,-0.59,0.03
2245321,-0.05,0.48,9.27,0.06,-0.67,0.03
2245331,0.25,0.51,9.14,0.06,-0.69,0.04
2245341,0.56,0.53,8.96,0.06,-0.62,0.04
2245351,0.9,0.55,8.79,0.05,-0.46,0.03
2245361,1.06,0.57,8.7,0.04,-0.21,0.02
2245371,1.06,0.58,8.75,0.03,0.04,0.01
2245381,0.79,0.55,8.83,0.02,0.27,-0.01
2245391,0.55,0.5,8.97,0.02,0.44,-0.02
2245401,0.29,0.45,9.16,0.02,0.53,-0.02
2245411,-0.04,0.43,9.36,0.02,0.54,-0.03
2245421,-0.28,0.42,9.46,0.02,0.44,-0.02
2245431,-0.39,0.44,9.5,0.03,0.29,-0.01
2245441,-0.32,0.46,9.5,0.03,0.12,0
2245451,-0.2,0.52,9.38,0.04,-0.01,0.01
2245461,0,0.57,9.22,0.04,-0.08,0.01
2245471,0.21,0.61,9.09,0.03,-0.08,0.02
2245481,0.36,0.62,8.95,0.03,0.01,0.01
2245491,0.39,0.59,8.9,0.02,0.14,0.01
2245501,0.36,0.54,8.92,0.02,0.29,0
2245511,0.23,0.5,8.98,0.01,0.41,0
2245521,-0.18,0.49,9.04,-0.01,0.44,-0.02
2245531,-0.38,0.38,9.53,-0.02,0.35,-0.01
2245541,-0.49,0.33,9.72,0,0.21,-0.01
2245551,-0.79,0.3,10,0.04,0,0
2245561,-0.74,0.35,9.84,0.08,-0.25,0.01
2245571,-0.2,0.48,9.2,0.09,-0.39,0.01
2245581,-0.3,0.57,9.1,0.07,-0.42,0.01
2245591,-0.25,0.62,9.1,0.06,-0.46,0.02
2245601,0.23,0.64,9.01,0.05,-0.44,0.03
2245611,0.51,0.63,8.93,0.04,-0.33,0.03
2245621,0.56,0.6,8.9,0.04,-0.19,0.02
2245631,0.53,0.55,8.92,0.03,-0.05,0.02
2245641,0.55,0.51,8.89,0.02,0.1,0.02
2245651,0.56,0.46,8.86,0.01,0.27,0.01
2245661,0.43,0.43,8.92,0.01,0.45,0
2245671,0.16,0.42,9.08,0.01,0.58,-0.01
2245681,-0.61,0.47,9.14,-0.03,0.55,-0.03
2245691,-0.44,0.38,9.71,-0.03,0.41,-0.01
2245701,-0.68,0.37,9.81,0,0.24,-0.01
2245711,-0.86,0.4,9.95,0.03,0.01,0.01
2245721,-0.79,0.48,9.84,0.07,-0.22,0.02
2245731,-0.24,0.51,9.54,0.09,-0.39,0.02
2245741,-0.22,0.58,9,0.09,-0.47,0
2245751,-0.85,0.62,9.54,0.08,-0.64,0.01
2245761,-0.61,0.59,9.49,0.08,-0.87,0.05
2245771,-0.06,0.55,9.21,0.07,-1.01,0.07
2245781,0.36,0.59,8.98,0.07,-1.01,0.08
2245791,0.56,0.64,8.71,0.06,-0.87,0.09
2245801,0.9,0.66,8.46,0.05,-0.57,0.12
2245811,1.7,0.6,8.44,0.03,-0.22,0.11
2245821,2.22,0.52,8.41,0.02,0.16,0.05
2245831,1.38,0.5,8.49,0.01,0.58,-0.01
2245841,0.76,0.44,8.78,0,0.89,-0.03
2245851,0.41,0.35,9.03,-0.01,1.07,-0.04
2245861,0.08,0.29,9.27,-0.01,1.12,-0.04
2245871,-0.43,0.29,9.6,0,1.02,-0.05
2245881,-1.21,0.28,10.2,-0.03,0.64,-0.05
2245891,-1.24,0.34,10.38,0.01,0.19,-0.02
2245901,-0.75,0.44,10.15,0.07,-0.19,0
2245911,-0.53,0.65,9.25,0.08,-0.43,0.01
2245921,-0.92,0.75,9.46,0.07,-0.61,0.02
2245931,-0.35,0.77,9.15,0.06,-0.74,0.05
2245941,0.33,0.76,8.9,0.06,-0.71,0.05
2245951,0.68,0.73,8.84,0.05,-0.57,0.04
2245961,0.83,0.67,8.79,0.04,-0.37,0.03
2245971,0.89,0.56,8.79,0.03,-0.17,0.02
2245981,0.9,0.46,8.79,0.03,0.05,0.01
2245991,0.9,0.36,8.81,0.01,0.28,0
2246001,0.78,0.32,8.82,0.01,0.53,-0.01
2246011,0.52,0.3,8.92,0,0.74,-0.02
2246021,0.15,0.33,9.07,0,0.87,-0.03
2246031,-0.13,0.49,8.4,-0.03,0.87,-0.05
2246041,-0.65,0.36,9.72,-0.06,0.73,-0.03
2246051,-0.9,0.37,10.03,-0.03,0.46,-0.02
2246061,-1.22,0.41,10.37,0.02,0.1,0
2246071,-1.2,0.44,10.47,0.09,-0.32,0.02
2246081,-0.45,0.52,10.2,0.16,-0.7,0.01
2246091,-0.75,0.74,8.56,0.12,-0.85,0
2246101,-0.82,0.7,9.22,0.09,-1,0.04
2246111,0.16,0.67,8.85,0.07,-1.04,0.07
2246121,0.9,0.69,8.61,0.05,-0.86,0.07
2246131,1.32,0.7,8.54,0.04,-0.57,0.05
2246141,1.52,0.62,8.51,0.03,-0.21,0.03
2246151,1.4,0.53,8.48,0.02,0.17,0.01
2246161,1.19,0.45,8.55,0,0.54,0
2246171,0.87,0.36,8.65,-0.01,0.88,-0.02
2246181,0.45,0.28,8.89,-0.02,1.13,-0.03
2246191,-0.11,0.29,9.06,-0.02,1.22,-0.05
2246201,-1.16,0.26,10.2,-0.08,1.01,-0.05
2246211,-1.32,0.25,10.47,-0.04,0.59,-0.03
2246221,-1.33,0.34,10.54,0.02,0.1,-0.01
2246231,-1.28,0.45,10.56,0.09,-0.38,0.01
2246241,-0.53,0.59,10.21,0.17,-0.77,0.01
2246251,-0.51,0.87,8.28,0.13,-0.9,0.01
2246261,-0.59,0.8,9.03,0.09,-0.97,0.04
2246271,0.34,0.74,8.72,0.07,-0.93,0.07
2246281,1.09,0.67,8.51,0.05,-0.69,0.06
2246291,1.19,0.62,8.66,0.03,-0.39,0.03
2246301,1.12,0.53,8.7,0.03,-0.1,0.02
2246311,1.07,0.45,8.69,0.02,0.19,0.01
2246321,0.96,0.4,8.66,0.01,0.48,0
2246331,0.77,0.35,8.66,-0.01,0.78,-0.01
2246341,0.38,0.32,8.83,-0.02,1.03,-0.02
2246351,0.1,0.39,8.6,-0.03,1.12,-0.03
2246361,-0.88,0.28,9.95,-0.07,0.91,-0.03
2246371,-1.33,0.26,10.44,-0.03,0.5,-0.02
2246381,-1.2,0.31,10.44,0.03,0.02,0.01
2246391,-1.23,0.42,10.38,0.09,-0.38,0.02
2246401,-0.61,0.52,10.12,0.15,-0.71,0.02
2246411,-0.31,0.83,8.13,0.13,-0.81,0.01
2246421,-0.47,0.77,9.01,0.09,-0.82,0.03
2246431,0.27,0.74,8.82,0.06,-0.77,0.05
2246441,0.85,0.71,8.64,0.05,-0.6,0.04
2246451,1.03,0.65,8.75,0.04,-0.34,0.03
2246461,0.99,0.58,8.76,0.03,-0.08,0.02
2246471,0.96,0.46,8.73,0.02,0.18,0.01
2246481,0.8,0.39,8.76,0.01,0.43,-0.01
2246491,0.58,0.32,8.88,0,0.66,-0.02
2246501,0.21,0.3,9.08,0,0.81,-0.03
2246511,-0.25,0.4,8.78,-0.02,0.79,-0.05
2246521,-0.92,0.28,9.99,-0.03,0.55,-0.02
2246531,-0.99,0.35,10.11,0.01,0.22,-0.01
2246541,-0.87,0.48,10.04,0.05,-0.1,0.01
2246551,-0.61,0.59,9.78,0.09,-0.33,0.02
2246561,-0.14,0.72,8.96,0.1,-0.43,0.01
2246571,-0.31,0.76,8.97,0.07,-0.43,0
2246581,-0.27,0.73,9.07,0.06,-0.45,0.02
2246591,0.23,0.64,8.94,0.05,-0.43,0.03
2246601,0.41,0.57,9.01,0.04,-0.34,0.02
2246611,0.44,0.5,9.04,0.04,-0.24,0.02
2246621,0.53,0.44,8.98,0.04,-0.14,0.02
2246631,0.6,0.4,9,0.04,-0.02,0.01
2246641,0.49,0.38,9.02,0.03,0.1,0
2246651,0.34,0.38,9.04,0.03,0.21,-0.01
2246661,0.2,0.41,9.09,0.02,0.3,-0.01
2246671,0.04,0.46,9.11,0.02,0.36,-0.01
2246681,-0.12,0.52,9.2,0.02,0.39,-0.01
2246691,-0.2,0.56,9.23,0.02,0.35,-0.01
2246701,-0.66,0.58,9.54,0.02,0.2,0
2246711,-0.28,0.54,9.51,0.03,0.05,0.01
2246721,-0.2,0.55,9.36,0.04,-0.02,0.01
2246731,-0.2,0.54,9.25,0.04,-0.07,0.01
2246741,-0.08,0.52,9.17,0.04,-0.07,0.01
2246751,-0.03,0.51,9.18,0.04,-0.05,0
2246761,-0.05,0.51,9.19,0.04,-0.04,0
2246771,-0.02,0.49,9.2,0.04,-0.04,0.01
2246781,0.05,0.48,9.2,0.04,-0.03,0.01
2246791,0.08,0.47,9.15,0.03,-0.02,0.01
2246801,0.11,0.45,9.15,0.03,0.01,0.01
2246811,0.02,0.47,9.18,0.03,0.03,0.01
2246821,-0.06,0.47,9.18,0.03,0.04,0.01
2246831,-0.12,0.45,9.22,0.03,0.04,0
2246841,-0.21,0.47,9.27,0.03,0.03,0
2246851,-0.23,0.49,9.29,0.03,0.01,0
2246861,-0.21,0.51,9.27,0.03,-0.02,0.01
2246871,-0.15,0.54,9.22,0.04,-0.03,0.01
2246881,-0.08,0.57,9.23,0.04,-0.04,0.01
2246891,-0.03,0.56,9.17,0.04,-0.04,0.01
2246901,-0.01,0.56,9.14,0.03,-0.03,0.01
2246911,-0.02,0.53,9.14,0.03,-0.02,0.01
2246921,-0.05,0.5,9.21,0.03,-0.01,0.01
2246931,-0.08,0.48,9.21,0.03,0,0.01
2246941,-0.1,0.47,9.24,0.03,-0.01,0.01
2246951,-0.11,0.46,9.22,0.03,-0.01,0.01
2246961,-0.06,0.46,9.17,0.03,-0.01,0.01
2246971,-0.03,0.46,9.13,0.03,0.01,0.01
2246981,-0.05,0.48,9.2,0.03,0.02,0.01
2246991,-0.09,0.48,9.24,0.03,0.01,0.01
2247001,-0.11,0.5,9.24,0.03,0,0.01
2247011,-0.14,0.52,9.26,0.03,-0.03,0.01
2247021,-0.13,0.54,9.23,0.04,-0.04,0.01
2247031,-0.12,0.53,9.2,0.03,-0.05,0.01
2247041,-0.15,0.51,9.28,0.04,-0.07,0.01
2247051,-0.23,0.49,9.29,0.04,-0.11,0.01
2247061,-0.22,0.48,9.31,0.04,-0.18,0.02
2247071,-0.07,0.52,9.21,0.04,-0.23,0.02
2247081,0.18,0.56,9.09,0.04,-0.21,0.02
2247091,0.29,0.59,9,0.03,-0.14,0.02
2247101,0.28,0.63,9.04,0.03,-0.04,0.01
2247111,0.17,0.6,9.05,0.03,0.04,0.01
2247121,0.06,0.54,9.18,0.03,0.09,0.01
2247131,-0.09,0.45,9.3,0.03,0.11,0
2247141,-0.31,0.41,9.45,0.04,0.04,0
2247151,-0.43,0.38,9.52,0.04,-0.09,0.01
2247161,-0.34,0.4,9.48,0.05,-0.24,0.01
2247171,-0.22,0.45,9.37,0.05,-0.37,0.02
2247181,0.04,0.52,9.13,0.05,-0.42,0.02
2247191,0.32,0.6,8.98,0.05,-0.38,0.02
2247201,0.64,0.66,8.81,0.04,-0.24,0.02
2247211,0.71,0.67,8.77,0.03,-0.03,0.01
2247221,0.61,0.65,8.83,0.02,0.17,0.01
2247231,0.41,0.56,9.01,0.02,0.33,0
2247241,0.17,0.46,9.14,0.02,0.4,0
2247251,-0.01,0.37,9.28,0.02,0.41,-0.01
2247261,-0.3,0.35,9.39,0.02,0.33,-0.01
2247271,-0.3,0.4,9.39,0.02,0.22,0
2247281,-0.13,0.47,9.27,0.02,0.14,0
2247291,-0.09,0.55,9.2,0.02,0.13,0
2247301,-0.23,0.59,9.38,0.02,0.1,0
2247311,-0.42,0.59,9.57,0.04,0,0.01
2247321,-0.35,0.52,9.54,0.05,-0.13,0.01
2247331,-0.61,0.49,9.52,0.05,-0.27,0.01
2247341,-0.53,0.46,9.47,0.06,-0.45,0.03
2247351,-0.14,0.46,9.26,0.06,-0.56,0.04
2247361,0.37,0.51,8.98,0.05,-0.55,0.04
2247371,0.64,0.59,8.82,0.04,-0.42,0.03
2247381,0.92,0.65,8.67,0.03,-0.21,0.02
2247391,1.01,0.67,8.69,0.02,0.07,0.01
2247401,0.74,0.59,8.8,0.02,0.34,0
2247411,0.5,0.49,8.96,0.01,0.54,-0.01
2247421,0.08,0.36,9.2,0.01,0.64,-0.02
2247431,-0.49,0.28,9.49,0.02,0.55,-0.02
2247441,-1.41,0.27,10.18,0.03,0.21,-0.01
2247451,-0.65,0.27,9.86,0.05,-0.14,0.02
2247461,-0.71,0.42,9.56,0.06,-0.37,0
2247471,-0.63,0.57,9.44,0.06,-0.56,0.03
2247481,0.04,0.7,9.13,0.06,-0.65,0.04
2247491,0.59,0.83,8.84,0.05,-0.56,0.04
2247501,0.73,0.86,8.7,0.04,-0.38,0.03
2247511,0.87,0.8,8.72,0.03,-0.16,0.03
2247521,0.86,0.66,8.77,0.02,0.08,0.02
2247531,0.71,0.51,8.8,0.02,0.29,0.01
2247541,0.54,0.36,8.86,0.01,0.48,0
2247551,0.4,0.23,9.04,0,0.64,-0.02
2247561,-0.02,0.24,9.29,0,0.71,-0.03
2247571,-0.44,0.33,9.15,-0.01,0.6,-0.03
2247581,-0.74,0.28,10.02,-0.01,0.34,-0.02
2247591,-0.83,0.39,10.16,0.04,0.03,0
2247601,-0.69,0.48,10.01,0.08,-0.28,0.01
2247611,-0.41,0.58,9.27,0.09,-0.48,0.01
2247621,-1.05,0.65,9.65,0.08,-0.72,0.01
2247631,-0.63,0.62,9.43,0.08,-0.95,0.05
2247641,-0.03,0.67,9.11,0.08,-1.05,0.06
2247651,0.47,0.73,8.86,0.07,-1.01,0.07
2247661,0.92,0.74,8.6,0.05,-0.83,0.07
2247671,1.41,0.7,8.42,0.04,-0.49,0.07
2247681,1.99,0.59,8.39,0.02,-0.09,0.04
2247691,1.58,0.51,8.48,0.01,0.34,0
2247701,1.07,0.41,8.61,0,0.72,-0.02
2247711,0.79,0.31,8.79,-0.01,1.02,-0.03
2247721,0.45,0.27,9.09,-0.02,1.22,-0.04
2247731,-0.18,0.27,9.63,-0.01,1.23,-0.06
2247741,-1.54,0.38,9.79,-0.04,0.85,-0.07
2247751,-1.53,0.35,10.61,0,0.3,-0.01
2247761,-0.9,0.43,10.24,0.07,-0.14,0.01
2247771,-0.48,0.59,9.57,0.1,-0.43,0.02
2247781,-0.78,0.73,9.22,0.07,-0.59,0.01
2247791,-0.56,0.76,9.21,0.07,-0.72,0.04
2247801,0.17,0.74,8.98,0.06,-0.72,0.05
2247811,0.55,0.71,8.86,0.05,-0.6,0.04
2247821,0.68,0.66,8.8,0.04,-0.44,0.04
2247831,1.05,0.57,8.72,0.03,-0.24,0.03
2247841,1.19,0.48,8.72,0.02,0.02,0.01
2247851,1.05,0.4,8.76,0.02,0.29,0
2247861,0.73,0.35,8.88,0.01,0.51,-0.01
2247871,0.51,0.29,9.07,0.01,0.68,-0.02
2247881,-0.05,0.3,9.41,0.01,0.73,-0.04
2247891,-0.84,0.35,9.78,0.03,0.57,-0.03
2247901,-1.28,0.39,10.08,0.03,0.22,-0.02
2247911,-0.81,0.44,9.84,0.05,-0.13,0.01
2247921,-0.86,0.55,9.69,0.06,-0.42,0.01
2247931,-0.74,0.67,9.55,0.06,-0.68,0.04
2247941,-0.11,0.72,9.21,0.07,-0.83,0.05
2247951,0.45,0.75,8.89,0.06,-0.81,0.05
2247961,0.85,0.76,8.63,0.05,-0.65,0.05
2247971,1.24,0.7,8.49,0.03,-0.37,0.04
2247981,1.33,0.6,8.54,0.02,-0.03,0.02
2247991,1.08,0.5,8.64,0.01,0.31,0
2248001,0.91,0.38,8.8,0,0.59,-0.01
2248011,0.6,0.29,8.96,0,0.8,-0.02
2248021,0.19,0.22,9.35,0,0.88,-0.04
2248031,-0.58,0.24,9.75,0.01,0.76,-0.04
2248041,-0.99,0.32,9.89,0.02,0.42,-0.03
2248051,-1,0.42,9.91,0.04,0.01,0.01
2248061,-0.52,0.53,9.5,0.05,-0.27,0.01
2248071,-0.62,0.68,9.42,0.05,-0.45,0.02
2248081,-0.27,0.73,9.29,0.05,-0.57,0.04
2248091,0.04,0.77,9.11,0.05,-0.59,0.04
2248101,0.35,0.75,8.97,0.05,-0.53,0.04
2248111,0.66,0.7,8.81,0.04,-0.4,0.04
2248121,0.96,0.61,8.72,0.03,-0.19,0.03
2248131,1.04,0.5,8.72,0.02,0.06,0.01
2248141,0.96,0.43,8.77,0.01,0.32,0
2248151,0.71,0.35,8.9,0.01,0.55,-0.01
2248161,0.33,0.28,9.11,0,0.7,-0.02
2248171,-0.15,0.27,9.32,0,0.73,-0.03
2248181,-0.36,0.33,9.24,0,0.62,-0.03
2248191,-1.04,0.34,9.96,-0.01,0.35,-0.01
2248201,-0.72,0.39,9.96,0.03,0.05,0.01
2248211,-0.66,0.52,9.82,0.06,-0.19,0.01
2248221,-0.46,0.66,9.26,0.07,-0.37,0.01
2248231,-0.69,0.72,9.39,0.06,-0.54,0.02
2248241,-0.21,0.72,9.24,0.06,-0.65,0.04
2248251,0.19,0.73,9.04,0.06,-0.67,0.04
2248261,0.53,0.68,8.91,0.05,-0.6,0.04
2248271,0.77,0.63,8.83,0.04,-0.47,0.04
2248281,0.95,0.54,8.8,0.04,-0.27,0.03
2248291,0.91,0.48,8.82,0.03,-0.05,0.02
2248301,0.89,0.4,8.82,0.02,0.18,0.01
2248311,0.76,0.34,8.79,0.02,0.41,0
2248321,0.55,0.34,8.96,0.01,0.6,-0.02
2248331,0.19,0.35,9.15,0.01,0.72,-0.03
2248341,-0.27,0.36,9.43,0.01,0.71,-0.03
2248351,-0.57,0.41,9.52,0.01,0.55,-0.03
2248361,-1.26,0.45,10.18,0.03,0.18,-0.01
2248371,-0.68,0.48,9.86,0.06,-0.18,0.01
2248381,-0.92,0.6,9.68,0.06,-0.46,0.01
2248391,-0.8,0.66,9.59,0.07,-0.74,0.04
2248401,-0.26,0.68,9.37,0.07,-0.93,0.05
2248411,0.19,0.71,9.11,0.07,-0.99,0.06
2248421,0.45,0.71,8.79,0.06,-0.9,0.06
2248431,0.72,0.71,8.64,0.05,-0.69,0.08
2248441,1.2,0.64,8.46,0.04,-0.42,0.09
2248451,2.07,0.49,8.43,0.03,-0.05,0.07
2248461,1.76,0.43,8.49,0.01,0.35,0.01
2248471,1.07,0.38,8.75,0,0.7,-0.02
2248481,0.57,0.32,9.04,0,0.9,-0.03
2248491,0.21,0.27,9.24,0,0.97,-0.04
2248501,-0.25,0.28,9.51,0.01,0.93,-0.05
2248511,-0.88,0.36,9.8,0.02,0.7,-0.04
2248521,-1.03,0.44,9.87,0.02,0.35,-0.02
2248531,-0.78,0.54,9.78,0.04,-0.01,0.01
2248541,-0.49,0.62,9.52,0.05,-0.23,0.01
2248551,-0.66,0.72,9.48,0.05,-0.43,0.03
2248561,-0.3,0.71,9.31,0.06,-0.57,0.04
2248571,0.15,0.7,9.1,0.05,-0.6,0.04
2248581,0.45,0.65,8.99,0.05,-0.54,0.04
2248591,0.61,0.58,8.87,0.04,-0.43,0.04
2248601,0.92,0.51,8.75,0.04,-0.25,0.03
2248611,1,0.44,8.78,0.03,-0.02,0.01
2248621,0.8,0.4,8.79,0.02,0.21,0
2248631,0.62,0.4,8.91,0.02,0.41,-0.01
2248641,0.45,0.4,9.03,0.01,0.55,-0.02
2248651,0.16,0.4,9.24,0.01,0.63,-0.03
2248661,-0.48,0.42,9.56,0.02,0.55,-0.03
2248671,-0.74,0.45,9.73,0.03,0.32,-0.01
2248681,-0.67,0.5,9.64,0.04,0.06,0
2248691,-0.6,0.57,9.51,0.04,-0.16,0.01
2248701,-0.39,0.62,9.37,0.04,-0.33,0.02
2248711,-0.03,0.66,9.16,0.04,-0.39,0.03
2248721,0.3,0.66,8.98,0.04,-0.34,0.03
2248731,0.52,0.63,8.94,0.03,-0.21,0.02
2248741,0.51,0.58,8.93,0.03,-0.07,0.02
2248751,0.54,0.5,8.97,0.03,0.07,0.01
2248761,0.49,0.45,8.99,0.02,0.2,0.01
2248771,0.43,0.4,9.02,0.02,0.32,0
2248781,0.27,0.37,9.11,0.01,0.42,-0.01
2248791,0.02,0.34,9.26,0.01,0.47,-0.01
2248801,-0.75,0.4,9.53,0,0.36,-0.03
2248811,-0.8,0.39,9.98,0.02,0.12,0
2248821,-0.58,0.47,9.7,0.05,-0.1,0.01
2248831,-0.41,0.56,9.33,0.06,-0.23,0.01
2248841,-0.51,0.65,9.27,0.05,-0.33,0.01
2248851,-0.18,0.68,9.26,0.05,-0.41,0.03
2248861,0.06,0.67,9.21,0.05,-0.44,0.03
2248871,0.16,0.62,9.16,0.05,-0.44,0.03
2248881,0.4,0.59,9,0.05,-0.4,0.04
2248891,0.72,0.51,8.83,0.04,-0.28,0.03
2248901,0.89,0.49,8.73,0.03,-0.07,0.02
2248911,0.84,0.45,8.74,0.02,0.18,0
2248921,0.57,0.45,8.91,0.01,0.4,-0.01
2248931,0.28,0.43,9.12,0.01,0.54,-0.02
2248941,-0.17,0.4,9.44,0.02,0.56,-0.03
2248951,-0.63,0.4,9.62,0.02,0.42,-0.02
2248961,-1.06,0.41,9.93,0.03,0.12,-0.01
2248971,-0.49,0.44,9.58,0.05,-0.14,0.01
2248981,-0.65,0.54,9.55,0.05,-0.33,0.01
2248991,-0.49,0.62,9.45,0.05,-0.51,0.03
2249001,-0.17,0.66,9.36,0.06,-0.64,0.03
2249011,0.04,0.66,9.3,0.06,-0.72,0.04
2249021,0.2,0.64,9.21,0.06,-0.76,0.05
2249031,0.52,0.6,8.96,0.06,-0.73,0.06
2249041,0.83,0.56,8.66,0.05,-0.56,0.06
2249051,1.49,0.52,8.51,0.04,-0.26,0.05
2249061,1.39,0.49,8.55,0.02,0.08,0.01
2249071,1.09,0.44,8.75,0.01,0.4,-0.01
2249081,0.7,0.4,8.96,0.01,0.63,-0.02
2249091,0.32,0.37,9.17,0.01,0.75,-0.03
2249101,-0.02,0.34,9.33,0.01,0.76,-0.03
2249111,-0.32,0.36,9.41,0.01,0.67,-0.02
2249121,-0.44,0.4,9.61,0.02,0.51,-0.02
2249131,-0.75,0.51,9.77,0.03,0.26,-0.01
2249141,-0.68,0.55,9.7,0.04,-0.03,0.01
2249151,-0.4,0.6,9.46,0.04,-0.23,0.02
2249161,-0.25,0.67,9.35,0.05,-0.34,0.02
2249171,-0.1,0.7,9.21,0.05,-0.39,0.03
2249181,0.27,0.68,9.04,0.04,-0.37,0.03
2249191,0.48,0.62,9.04,0.04,-0.28,0.02
2249201,0.48,0.57,9.05,0.04,-0.17,0.02
2249211,0.36,0.48,9.15,0.04,-0.11,0.01
2249221,0.2,0.41,9.28,0.04,-0.1,0.01
2249231,0.14,0.35,9.31,0.04,-0.12,0.01
2249241,0.12,0.37,9.28,0.04,-0.15,0.01
2249251,0.2,0.41,9.24,0.04,-0.16,0.01
2249261,0.24,0.47,9.16,0.04,-0.15,0.01
2249271,0.34,0.55,9.04,0.04,-0.09,0.01
2249281,0.57,0.63,8.89,0.03,0.01,0.01
2249291,0.62,0.66,8.9,0.02,0.16,0.01
2249301,0.51,0.64,8.93,0.02,0.3,0
2249311,0.37,0.57,9.08,0.02,0.4,0
2249321,0.16,0.51,9.15,0.01,0.46,-0.01
2249331,0.1,0.45,9.14,0.01,0.49,-0.01
2249341,0.09,0.39,9.17,0.01,0.52,-0.01
2249351,-0.04,0.4,9.06,0,0.51,-0.03
2249361,-0.76,0.38,9.72,-0.01,0.32,-0.01
2249371,-0.63,0.34,10.06,0.03,0.08,-0.01
2249381,-0.7,0.4,10.03,0.07,-0.21,0
2249391,-0.43,0.53,9.31,0.08,-0.41,0.01
2249401,-0.66,0.59,9.45,0.07,-0.6,0.02
2249411,-0.26,0.65,9.27,0.07,-0.74,0.04
2249421,0.33,0.68,9.03,0.06,-0.76,0.05
2249431,0.59,0.68,8.96,0.06,-0.66,0.04
2249441,0.55,0.69,8.93,0.05,-0.55,0.03
2249451,0.7,0.63,8.85,0.05,-0.42,0.03
2249461,0.93,0.56,8.76,0.04,-0.23,0.02
2249471,0.91,0.49,8.79,0.03,0.01,0.01
2249481,0.74,0.48,8.85,0.02,0.22,0
2249491,0.68,0.45,8.94,0.01,0.4,-0.01
2249501,0.63,0.45,9.02,0.01,0.56,-0.02
2249511,0.37,0.45,9.15,0.01,0.67,-0.03
2249521,0.01,0.46,9.32,0.01,0.68,-0.03
2249531,-0.16,0.43,9.39,0.02,0.62,-0.02
2249541,-0.3,0.44,9.41,0.02,0.51,-0.02
2249551,-0.93,0.46,9.85,0.01,0.28,-0.02
2249561,-0.79,0.43,9.95,0.04,-0.02,0.01
2249571,-0.5,0.47,9.64,0.05,-0.25,0.01
2249581,-1.09,0.52,9.8,0.06,-0.55,0.02
2249591,-0.77,0.58,9.67,0.07,-0.88,0.05
2249601,-0.06,0.63,9.31,0.07,-1.06,0.06
2249611,0.47,0.67,8.95,0.07,-1.06,0.06
2249621,0.81,0.7,8.72,0.06,-0.91,0.06
2249631,1.05,0.7,8.64,0.05,-0.67,0.06
2249641,1.34,0.62,8.69,0.04,-0.4,0.05
2249651,1.24,0.5,8.91,0.04,-0.18,0.02
2249661,0.72,0.42,9.07,0.03,-0.03,0.01
2249671,0.68,0.36,9.09,0.03,0.05,0.01
2249681,0.7,0.37,9.09,0.03,0.12,0
2249691,0.76,0.41,8.99,0.02,0.22,0
2249701,0.86,0.5,8.86,0.02,0.36,-0.01
2249711,0.94,0.6,8.78,0.01,0.55,-0.01
2249721,0.82,0.62,8.78,0,0.76,-0.02
2249731,0.68,0.61,8.85,-0.01,0.96,-0.03
2249741,0.42,0.57,9.03,-0.01,1.11,-0.04
2249751,-0.07,0.51,9.27,-0.01,1.15,-0.04
2249761,-1.01,0.52,9.22,-0.08,0.93,-0.06
2249771,-0.91,0.32,10.02,-0.07,0.66,-0.02
2249781,-0.79,0.26,10.12,-0.03,0.4,-0.02
2249791,-1.15,0.31,10.41,0.03,0.04,-0.01
2249801,-1.18,0.38,10.39,0.09,-0.36,0.01
2249811,-0.58,0.47,10.28,0.16,-0.71,0.02
2249821,-0.6,0.71,8.59,0.12,-0.91,0.01
2249831,-0.74,0.67,9.24,0.1,-1.1,0.04
2249841,0.08,0.69,9.05,0.08,-1.18,0.05
2249851,0.64,0.71,8.79,0.07,-1.09,0.06
2249861,0.91,0.7,8.72,0.06,-0.9,0.06
2249871,1.04,0.65,8.68,0.06,-0.66,0.06
2249881,1.38,0.54,8.62,0.04,-0.39,0.06
2249891,1.58,0.45,8.61,0.03,-0.08,0.03
2249901,1.24,0.42,8.63,0.02,0.24,0
2249911,0.96,0.4,8.75,0.01,0.53,-0.01
2249921,0.85,0.38,8.82,0,0.77,-0.02
2249931,0.7,0.41,8.9,-0.01,0.97,-0.03
2249941,0.48,0.46,9.01,-0.01,1.12,-0.04
2249951,0.26,0.49,9.18,-0.01,1.2,-0.05
2249961,-0.6,0.62,8.75,-0.06,1.02,-0.08
2249971,-1.1,0.44,10.06,-0.06,0.67,-0.03
2249981,-0.9,0.41,10.12,-0.02,0.33,-0.01
2249991,-1.12,0.41,10.42,0.04,-0.02,0.01
2250001,-1.31,0.46,10.49,0.1,-0.41,0.02
2250011,-0.51,0.57,9.25,0.15,-0.72,0.03
2250021,-0.89,0.6,9.49,0.1,-0.9,0.01
2250031,-0.7,0.64,9.41,0.09,-1.14,0.04
2250041,-0.12,0.64,9.18,0.08,-1.3,0.06
2250051,0.28,0.63,9.16,0.08,-1.32,0.07
2250061,0.21,0.69,8.97,0.08,-1.25,0.09
2250071,0.18,0.72,8.69,0.09,-1.05,0.15
2250081,0.08,0.71,8.32,0.08,-0.69,0.23
2250091,0.27,0.67,7.81,0.04,-0.2,0.35
2250101,2.52,0.39,8.82,0.02,0.17,0.36
2250111,4.47,0.2,8.65,0.01,0.49,0.21
2250121,2.73,0.33,8.23,-0.01,0.92,0
2250131,1.11,0.38,8.76,-0.02,1.32,-0.05
2250141,0.46,0.41,9.08,-0.03,1.48,-0.06
2250151,0.19,0.41,9.28,-0.02,1.51,-0.06
2250161,-0.11,0.41,9.18,-0.02,1.41,-0.07
2250171,0.59,0.14,10.72,-0.06,0.93,-0.21
2250181,-1.04,0.33,10.65,-0.02,0.49,-0.26
2250191,-1.91,0.47,10.52,0.05,-0.02,-0.21
2250201,-2.29,0.65,10.49,0.13,-0.46,-0.13
2250211,-1.63,0.83,8.78,0.14,-0.78,-0.01
2250221,-1.11,0.74,9.38,0.09,-0.99,0.02
2250231,-0.2,0.72,9,0.08,-1.09,0.06
2250241,0.52,0.73,8.68,0.06,-0.99,0.06
2250251,0.78,0.7,8.71,0.05,-0.78,0.06
2250261,0.9,0.64,8.64,0.05,-0.53,0.07
2250271,1.5,0.48,8.66,0.03,-0.24,0.08
2250281,1.82,0.33,8.66,0.03,0.07,0.03
2250291,1.18,0.31,8.67,0.02,0.39,0
2250301,0.84,0.28,8.78,0,0.66,-0.01
2250311,0.65,0.31,8.87,0,0.88,-0.03
2250321,0.38,0.37,9.01,-0.01,1.04,-0.04
2250331,-0.06,0.46,9.2,-0.01,1.1,-0.04
2250341,-0.96,0.58,9.26,-0.07,0.91,-0.06
2250351,-1.02,0.52,10.04,-0.06,0.61,-0.02
2250361,-0.95,0.52,10.11,-0.01,0.3,-0.01
2250371,-1.06,0.53,10.18,0.04,-0.03,0.01
2250381,-0.99,0.57,9.99,0.09,-0.32,0.02
2250391,-0.34,0.55,9.61,0.12,-0.52,0.02
2250401,-0.18,0.65,8.59,0.11,-0.56,0
2250411,-0.42,0.61,9,0.07,-0.57,0.01
2250421,0.13,0.56,8.98,0.05,-0.58,0.03
2250431,0.77,0.53,8.81,0.04,-0.46,0.03
2250441,0.86,0.54,8.82,0.04,-0.25,0.01
2250451,0.81,0.5,8.82,0.03,-0.04,0.01
2250461,0.77,0.46,8.8,0.02,0.18,0
2250471,0.6,0.4,8.91,0.02,0.4,-0.01
2250481,0.1,0.37,9.18,0.02,0.54,-0.02
2250491,-0.29,0.37,9.36,0.02,0.52,-0.02
2250501,-1,0.41,9.78,0.01,0.31,-0.02
2250511,-0.59,0.42,9.69,0.03,0.06,0.01
2250521,-0.27,0.53,9.38,0.04,-0.07,0.01
2250531,-0.25,0.65,9.26,0.04,-0.12,0.01
2250541,-0.15,0.69,9.13,0.04,-0.15,0.01
2250551,-0.19,0.7,9.3,0.04,-0.18,0.01
2250561,-0.36,0.64,9.47,0.04,-0.27,0.01
2250571,-0.31,0.54,9.45,0.05,-0.41,0.03
2250581,-0.16,0.45,9.41,0.06,-0.53,0.03
2250591,-0.05,0.41,9.32,0.06,-0.63,0.04
2250601,0.29,0.42,9.05,0.06,-0.65,0.04
2250611,0.73,0.46,8.8,0.05,-0.53,0.04
2250621,1.09,0.58,8.65,0.04,-0.28,0.03
2250631,1.25,0.63,8.58,0.02,0.03,0.01
2250641,1.04,0.64,8.65,0.02,0.37,-0.01
2250651,0.69,0.58,8.77,0.01,0.64,-0.02
2250661,0.35,0.49,8.98,0.01,0.82,-0.02
2250671,-0.09,0.39,9.33,0,0.87,-0.03
2250681,-0.69,0.35,9.58,-0.01,0.69,-0.05
2250691,-1.44,0.3,10.4,0.02,0.24,-0.01
2250701,-0.65,0.34,9.84,0.06,-0.15,0.01
2250711,-0.47,0.47,9.44,0.06,-0.35,0
2250721,-0.67,0.63,9.38,0.06,-0.53,0.02
2250731,-0.02,0.72,9.15,0.05,-0.61,0.04
2250741,0.49,0.75,8.93,0.05,-0.54,0.04
2250751,0.58,0.72,8.85,0.04,-0.39,0.03
2250761,0.69,0.63,8.83,0.04,-0.21,0.03
2250771,0.76,0.52,8.88,0.03,-0.02,0.02
2250781,0.62,0.42,8.98,0.03,0.15,0.01
2250791,0.38,0.35,9.08,0.02,0.26,0
2250801,0.21,0.31,9.18,0.02,0.32,-0.01
2250811,0.06,0.32,9.22,0.02,0.34,-0.01
2250821,-0.07,0.4,9.29,0.02,0.33,-0.01
2250831,-0.23,0.47,9.4,0.03,0.27,-0.01
2250841,-0.29,0.56,9.4,0.03,0.18,0
2250851,-0.25,0.62,9.35,0.03,0.1,0.01
2250861,-0.2,0.62,9.28,0.03,0.03,0.01
2250871,-0.14,0.6,9.27,0.03,-0.02,0.01
2250881,-0.08,0.59,9.23,0.03,-0.04,0.01
2250891,-0.01,0.58,9.2,0.03,-0.05,0.01
2250901,0.05,0.55,9.19,0.03,-0.05,0.01
2250911,0.04,0.54,9.2,0.03,-0.04,0
2250921,0.05,0.49,9.19,0.03,-0.03,0
2250931,0.05,0.45,9.19,0.03,-0.03,0
2250941,0.02,0.42,9.23,0.04,-0.03,0.01
2250951,0.03,0.41,9.17,0.03,-0.03,0.01
2250961,0.02,0.42,9.17,0.03,-0.01,0.01
2250971,0.02,0.42,9.15,0.03,0.02,0.01
2250981,0.01,0.46,9.19,0.03,0.04,0.01
2250991,0.02,0.5,9.2,0.03,0.06,0.01
2251001,0.02,0.55,9.2,0.03,0.07,0.01
2251011,0.01,0.59,9.22,0.03,0.07,0.01
2251021,0,0.61,9.21,0.03,0.07,0.01
2251031,-0.05,0.61,9.21,0.03,0.06,0.01
2251041,-0.09,0.58,9.23,0.03,0.04,0.01
2251051,-0.12,0.57,9.22,0.03,0.02,0.01
2251061,-0.13,0.51,9.28,0.03,0,0.01
2251071,-0.17,0.48,9.26,0.04,-0.01,0.01
2251081,-0.13,0.45,9.22,0.04,-0.03,0.01
2251091,-0.1,0.44,9.21,0.03,-0.03,0.01
2251101,-0.03,0.47,9.2,0.03,-0.03,0.01
2251111,0.03,0.51,9.17,0.03,-0.02,0.01
2251121,0.03,0.52,9.17,0.03,-0.01,0.01
