821811,-1.11,0.53,9.04,0.03,-0.02,0
821821,-1.08,0.55,9.09,0.03,-0.02,0
821831,-1.06,0.55,9.07,0.03,-0.02,0.01
821841,-1.04,0.54,9.11,0.03,-0.01,0.01
821851,-1.05,0.52,9.1,0.03,-0.01,0.01
821861,-1.07,0.49,9.09,0.03,0,0.01
821871,-1.11,0.48,9.08,0.03,0,0
821881,-1.12,0.46,9.08,0.03,0,0.01
821891,-1.15,0.48,9.08,0.03,-0.01,0
821901,-1.14,0.5,9.07,0.03,-0.01,0
821911,-1.12,0.53,9.07,0.03,-0.02,0
821921,-1.06,0.54,9.08,0.03,-0.02,0
821931,-1.07,0.54,9.05,0.03,-0.02,0
821941,-1.05,0.53,9.05,0.03,-0.01,0.01
821951,-1.07,0.54,9.09,0.03,0,0.01
821961,-1.09,0.49,9.06,0.03,0,0
821971,-1.11,0.48,9.09,0.03,0,0
821981,-1.12,0.49,9.08,0.04,-0.01,0
821991,-1.12,0.49,9.08,0.03,-0.02,0
822001,-1.11,0.48,9.08,0.03,-0.02,0
822011,-1.09,0.49,9.1,0.03,-0.01,0
822021,-1.06,0.51,9.09,0.03,-0.01,0.01
822031,-1.05,0.5,9.1,0.03,-0.01,0.01
822041,-1.08,0.51,9.1,0.03,-0.01,0
822051,-1.09,0.51,9.09,0.03,-0.01,0.01
822061,-1.1,0.51,9.06,0.03,-0.01,0
822071,-1.12,0.5,9.07,0.03,-0.01,0
822081,-1.12,0.52,9.07,0.03,-0.01,0
822091,-1.12,0.53,9.06,0.03,-0.01,0
822101,-1.09,0.54,9.08,0.03,-0.01,0
822111,-1.09,0.52,9.12,0.03,-0.01,0
822121,-1.06,0.5,9.1,0.03,-0.01,0.01
822131,-1.08,0.48,9.11,0.03,-0.01,0.01
822141,-1.08,0.48,9.1,0.03,-0.01,0
822151,-1.09,0.47,9.07,0.03,-0.01,0
822161,-1.09,0.5,9.09,0.03,-0.01,0
822171,-1.1,0.51,9.09,0.03,-0.01,0
822181,-1.12,0.51,9.07,0.03,-0.01,0
822191,-1.11,0.51,9.08,0.03,-0.01,0
822201,-1.09,0.51,9.04,0.03,-0.01,0
822211,-1.08,0.54,9.1,0.03,-0.01,0
822221,-1.07,0.56,9.08,0.03,-0.01,0
822231,-1.09,0.55,9.09,0.03,-0.01,0
822241,-1.08,0.52,9.1,0.03,-0.01,0
822251,-1.11,0.49,9.08,0.03,-0.01,0
822261,-1.11,0.48,9.06,0.03,-0.01,0
822271,-1.1,0.48,9.06,0.03,-0.01,0.01
822281,-1.11,0.47,9.09,0.03,-0.01,0
822291,-1.1,0.48,9.07,0.03,-0.01,0.01
822301,-1.07,0.52,9.07,0.03,-0.01,0.01
822311,-1.06,0.53,9.07,0.03,-0.02,0
822321,-1.06,0.54,9.1,0.03,-0.01,0
822331,-1.07,0.53,9.06,0.03,-0.01,0
822341,-1.1,0.54,9.07,0.03,0,0
822351,-1.11,0.54,9.08,0.04,0,0
822361,-1.13,0.53,9.09,0.03,-0.01,0
822371,-1.13,0.53,9.07,0.03,-0.01,0
822381,-1.12,0.51,9.07,0.03,-0.01,0
822391,-1.09,0.49,9.09,0.03,-0.01,0
822401,-1.08,0.48,9.1,0.03,-0.01,0
822411,-1.07,0.47,9.1,0.03,-0.01,0.01
822421,-1.04,0.49,9.1,0.03,-0.01,0.01
822431,-1.07,0.51,9.09,0.03,-0.01,0
822441,-1.07,0.51,9.07,0.03,-0.01,0
822451,-1.09,0.51,9.06,0.03,0,0
822461,-1.13,0.49,9.1,0.03,0,0
822471,-1.13,0.5,9.1,0.03,-0.01,0
822481,-1.12,0.5,9.09,0.03,-0.01,0
822491,-1.1,0.51,9.07,0.03,-0.02,0
822501,-1.08,0.51,9.07,0.03,-0.01,0
822511,-1.07,0.51,9.07,0.03,-0.01,0
822521,-1.1,0.53,9.09,0.03,-0.01,0
822531,-1.11,0.54,9.08,0.03,-0.01,0
822541,-1.08,0.51,9.1,0.03,-0.01,0
822551,-1.09,0.5,9.08,0.03,-0.01,0
822561,-1.11,0.5,9.1,0.03,-0.01,0
822571,-1.09,0.5,9.08,0.03,-0.01,0
822581,-1.09,0.51,9.1,0.03,-0.01,0
822591,-1.08,0.5,9.07,0.03,-0.01,0
822601,-1.09,0.51,9.07,0.03,-0.01,0
822611,-1.09,0.52,9.05,0.03,-0.01,0.01
822621,-1.07,0.51,9.06,0.03,-0.01,0
822631,-1.08,0.51,9.07,0.03,-0.01,0
822641,-1.07,0.51,9.09,0.03,-0.01,0
822651,-1.08,0.51,9.1,0.03,-0.01,0
822661,-1.08,0.5,9.09,0.03,-0.01,0
822671,-1.08,0.51,9.09,0.03,-0.01,0
822681,-1.09,0.51,9.07,0.03,-0.01,0
822691,-1.09,0.49,9.09,0.03,-0.01,0
822701,-1.08,0.52,9.08,0.03,-0.01,0
822711,-1.07,0.51,9.1,0.03,-0.01,0
822721,-1.08,0.52,9.07,0.03,-0.01,0
822731,-1.08,0.5,9.09,0.03,-0.01,0
822741,-1.08,0.51,9.08,0.03,-0.01,0
822751,-1.08,0.51,9.1,0.03,-0.01,0
822761,-1.12,0.48,9.07,0.03,-0.01,0
822771,-1.1,0.48,9.09,0.03,-0.01,0
822781,-1.07,0.49,9.08,0.03,-0.01,0
822791,-1.07,0.49,9.1,0.03,-0.01,0
822801,-1.09,0.49,9.1,0.03,-0.01,0.01
822811,-1.08,0.51,9.1,0.03,-0.01,0.01
822821,-1.07,0.52,9.1,0.03,-0.01,0.01
822831,-1.09,0.55,9.08,0.03,-0.01,0.01
822841,-1.12,0.58,9.05,0.03,0,0.01
822851,-1.11,0.57,9.06,0.03,-0.01,0
822861,-1.1,0.54,9.07,0.03,-0.01,0
822871,-1.1,0.52,9.08,0.03,-0.01,0.01
822881,-1.07,0.5,9.08,0.03,-0.01,0
822891,-1.07,0.48,9.07,0.03,-0.01,0
822901,-1.06,0.48,9.09,0.03,-0.01,0
822911,-1.08,0.47,9.07,0.03,-0.01,0
822921,-1.08,0.49,9.09,0.03,-0.01,0
822931,-1.09,0.51,9.07,0.03,-0.01,0
822941,-1.08,0.51,9.1,0.03,-0.01,0
822951,-1.07,0.51,9.09,0.03,-0.01,0
822961,-1.09,0.51,9.06,0.03,-0.01,0.01
822971,-1.08,0.53,9.09,0.03,-0.01,0
822981,-1.09,0.53,9.07,0.03,-0.01,0
822991,-1.1,0.51,9.07,0.03,-0.01,0
823001,-1.1,0.52,9.09,0.03,-0.01,0
823011,-1.11,0.53,9.08,0.03,-0.01,0
823021,-1.1,0.5,9.07,0.03,-0.01,0
823031,-1.08,0.51,9.08,0.03,-0.01,0
823041,-1.06,0.51,9.08,0.03,-0.01,0
823051,-1.09,0.52,9.09,0.03,-0.01,0
823061,-1.11,0.52,9.05,0.03,-0.01,0
823071,-1.08,0.51,9.08,0.03,-0.01,0
823081,-1.08,0.49,9.08,0.03,-0.01,0
823091,-1.08,0.49,9.06,0.03,-0.01,0
823101,-1.09,0.49,9.07,0.03,-0.01,0
823111,-1.07,0.51,9.04,0.03,-0.01,0
823121,-1.07,0.5,9.05,0.03,-0.01,0
823131,-1.07,0.52,9.07,0.03,-0.01,0
823141,-1.08,0.52,9.06,0.03,-0.01,0.01
823151,-1.1,0.52,9.08,0.03,-0.01,0
823161,-1.11,0.53,9.07,0.03,-0.01,0
823171,-1.09,0.52,9.09,0.03,-0.01,0
823181,-1.09,0.51,9.1,0.04,-0.01,0
823191,-1.1,0.51,9.06,0.03,-0.01,0
823201,-1.09,0.49,9.12,0.03,-0.01,0
823211,-1.08,0.51,9.08,0.03,-0.01,0
823221,-1.08,0.52,9.09,0.03,-0.01,0
823231,-1.08,0.5,9.09,0.03,-0.01,0
823241,-1.06,0.49,9.11,0.03,-0.01,0
823251,-1.07,0.47,9.08,0.03,-0.01,0
823261,-1.07,0.48,9.09,0.03,-0.01,0
823271,-1.09,0.5,9.05,0.03,-0.01,0
823281,-1.1,0.49,9.05,0.03,-0.01,0.01
823291,-1.09,0.5,9.09,0.03,-0.01,0.01
823301,-1.09,0.51,9.1,0.03,-0.01,0
823311,-1.08,0.52,9.08,0.03,-0.01,0
823321,-1.08,0.53,9.08,0.03,-0.01,0
823331,-1.08,0.51,9.09,0.03,-0.01,0
823341,-1.07,0.5,9.08,0.03,-0.01,0
823351,-1.08,0.47,9.1,0.03,-0.01,0.01
823361,-1.08,0.49,9.07,0.03,-0.01,0
823371,-1.08,0.5,9.07,0.03,-0.01,0
823381,-1.09,0.51,9.08,0.03,-0.01,0.01
823391,-1.09,0.49,9.07,0.03,-0.01,0
823401,-1.09,0.53,9.09,0.03,-0.01,0
823411,-1.09,0.53,9.07,0.03,-0.01,0
823421,-1.09,0.54,9.05,0.03,-0.01,0
823431,-1.08,0.56,9.07,0.03,-0.01,0
823441,-1.11,0.54,9.09,0.03,-0.01,0
823451,-1.11,0.54,9.06,0.03,-0.01,0
823461,-1.11,0.52,9.06,0.03,-0.01,0
823471,-1.1,0.51,9.07,0.03,-0.01,0
823481,-1.1,0.48,9.08,0.03,-0.01,0
823491,-1.08,0.48,9.1,0.03,-0.01,0
823501,-1.09,0.49,9.08,0.03,-0.01,0
823511,-1.07,0.49,9.07,0.03,-0.01,0
823521,-1.08,0.5,9.06,0.03,-0.01,0
823531,-1.09,0.51,9.09,0.03,-0.01,0.01
823541,-1.1,0.52,9.07,0.03,-0.01,0
823551,-1.1,0.53,9.07,0.03,-0.01,0
823561,-1.11,0.54,9.09,0.03,-0.01,0
823571,-1.12,0.53,9.09,0.03,-0.01,0
823581,-1.08,0.53,9.07,0.03,-0.01,0
823591,-1.1,0.52,9.06,0.04,-0.01,0
823601,-1.11,0.5,9.07,0.03,-0.01,0
823611,-1.1,0.51,9.05,0.03,-0.01,0
823621,-1.09,0.51,9.06,0.03,-0.01,0
823631,-1.07,0.5,9.09,0.03,-0.01,0
823641,-1.08,0.48,9.1,0.03,-0.01,0
823651,-1.1,0.49,9.07,0.03,-0.01,0
823661,-1.09,0.48,9.06,0.03,-0.01,0
823671,-1.11,0.49,9.07,0.03,-0.01,0
823681,-1.09,0.5,9.08,0.03,-0.01,0
823691,-1.08,0.52,9.08,0.03,-0.01,0
823701,-1.08,0.53,9.07,0.03,-0.01,0
823711,-1.09,0.53,9.09,0.03,-0.01,0
823721,-1.08,0.53,9.1,0.03,-0.01,0
823731,-1.08,0.52,9.1,0.03,-0.01,0
823741,-1.09,0.51,9.02,0.03,-0.01,0
823751,-1.07,0.52,9.07,0.03,-0.01,0
823761,-1.07,0.49,9.04,0.03,-0.01,0
823771,-1.09,0.49,9.1,0.03,0,0
823781,-1.12,0.49,9.09,0.03,-0.01,0
823791,-1.1,0.49,9.09,0.03,-0.01,0
823801,-1.1,0.51,9.09,0.03,-0.02,0
823811,-1.08,0.5,9.07,0.03,-0.02,0
823821,-1.07,0.51,9.06,0.03,-0.01,0
823831,-1.06,0.52,9.06,0.03,-0.01,0
823841,-1.09,0.52,9.08,0.03,-0.01,0.01
823851,-1.09,0.53,9.05,0.03,-0.01,0
823861,-1.09,0.53,9.07,0.03,-0.01,0
823871,-1.09,0.51,9.06,0.03,-0.01,0
823881,-1.07,0.51,9.09,0.03,-0.01,0
823891,-1.09,0.5,9.07,0.03,-0.01,0.01
823901,-1.1,0.51,9.06,0.03,-0.01,0.01
823911,-1.1,0.51,9.09,0.03,-0.01,0.01
823921,-1.12,0.52,9.1,0.03,-0.01,0
823931,-1.09,0.51,9.07,0.03,-0.01,0
823941,-1.08,0.51,9.08,0.03,-0.01,0
823951,-1.06,0.49,9.07,0.03,-0.01,0
823961,-1.06,0.48,9.07,0.03,-0.01,0.01
823971,-1.07,0.47,9.08,0.03,-0.01,0
823981,-1.06,0.51,9.08,0.03,-0.01,0
823991,-1.09,0.51,9.07,0.03,-0.01,0
824001,-1.08,0.51,9.05,0.03,-0.01,0
824011,-1.08,0.51,9.07,0.03,-0.01,0
824021,-1.08,0.53,9.05,0.03,-0.01,0
824031,-1.09,0.52,9.08,0.03,-0.01,0
824041,-1.11,0.52,9.08,0.03,-0.01,0.01
824051,-1.09,0.49,9.11,0.03,-0.01,0.01
824061,-1.1,0.49,9.08,0.03,-0.01,0
824071,-1.1,0.5,9.09,0.03,-0.01,0
824081,-1.09,0.51,9.08,0.03,-0.01,0.01
824091,-1.08,0.5,9.04,0.03,-0.01,0.01
824101,-1.08,0.53,9.08,0.03,-0.01,0.01
824111,-1.07,0.52,9.06,0.03,-0.01,0.01
824121,-1.08,0.51,9.05,0.03,-0.01,0.01
824131,-1.09,0.5,9.1,0.03,-0.01,0
824141,-1.09,0.48,9.08,0.03,-0.01,0
824151,-1.09,0.49,9.06,0.03,-0.01,0
824161,-1.1,0.5,9.05,0.03,-0.01,0
824171,-1.1,0.49,9.06,0.03,-0.01,0
824181,-1.1,0.51,9.09,0.03,-0.01,0
824191,-1.09,0.52,9.08,0.03,-0.01,0
824201,-1.09,0.52,9.09,0.03,-0.01,0
824211,-1.12,0.52,9.1,0.03,-0.01,0
824221,-1.11,0.53,9.1,0.03,-0.01,0
824231,-1.09,0.51,9.1,0.03,-0.01,0
824241,-1.1,0.51,9.07,0.03,-0.01,0
824251,-1.08,0.51,9.07,0.03,-0.01,0
824261,-1.07,0.5,9.08,0.03,-0.01,0
824271,-1.07,0.49,9.05,0.03,-0.01,0
824281,-1.07,0.51,9.07,0.03,-0.01,0
824291,-1.06,0.52,9.1,0.03,-0.01,0
824301,-1.06,0.51,9.08,0.03,-0.01,0
824311,-1.08,0.49,9.06,0.03,-0.01,0.01
824321,-1.09,0.51,9.07,0.03,-0.01,0
824331,-1.1,0.5,9.05,0.03,-0.01,0
824341,-1.1,0.5,9.06,0.03,-0.01,0
824351,-1.09,0.51,9.05,0.03,-0.01,0
824361,-1.08,0.51,9.09,0.03,-0.01,0
824371,-1.1,0.52,9.1,0.03,-0.01,0
824381,-1.1,0.54,9.06,0.03,-0.01,0
824391,-1.11,0.52,9.07,0.03,-0.01,0
824401,-1.09,0.49,9.08,0.03,-0.01,0
824411,-1.06,0.5,9.08,0.03,-0.01,0
824421,-1.07,0.5,9.05,0.03,-0.01,0
824431,-1.08,0.5,9.07,0.03,-0.01,0
824441,-1.07,0.5,9.05,0.03,-0.01,0
824451,-1.08,0.5,9.08,0.03,-0.01,0
824461,-1.09,0.5,9.1,0.03,-0.01,0
824471,-1.08,0.52,9.09,0.03,-0.01,0
824481,-1.08,0.53,9.1,0.03,-0.01,0
824491,-1.08,0.51,9.09,0.03,-0.01,0
824501,-1.09,0.52,9.08,0.03,-0.01,0
824511,-1.1,0.52,9.07,0.03,-0.01,0.01
824521,-1.11,0.51,9.09,0.03,-0.01,0
824531,-1.1,0.52,9.09,0.03,-0.01,0
824541,-1.09,0.51,9.08,0.03,-0.01,0
824551,-1.09,0.51,9.05,0.03,-0.01,0
824561,-1.08,0.52,9.06,0.03,-0.01,0.01
824571,-1.07,0.5,9.07,0.03,-0.01,0
824581,-1.1,0.5,9.09,0.03,-0.01,0
824591,-1.1,0.5,9.09,0.03,-0.01,0
824601,-1.1,0.5,9.07,0.03,-0.01,0
824611,-1.12,0.51,9.07,0.03,-0.01,0
824621,-1.11,0.51,9.07,0.03,-0.01,0
824631,-1.11,0.49,9.06,0.03,-0.01,0
824641,-1.08,0.49,9.04,0.03,-0.01,0
824651,-1.07,0.51,9.05,0.03,-0.01,0
824661,-1.1,0.52,9.08,0.03,-0.01,0
824671,-1.11,0.53,9.08,0.03,-0.01,0
824681,-1.1,0.55,9.07,0.03,-0.01,0
824691,-1.12,0.54,9.05,0.03,-0.01,0
824701,-1.11,0.51,9.07,0.03,-0.01,0
824711,-1.1,0.52,9.08,0.03,-0.01,0
824721,-1.1,0.51,9.08,0.03,-0.01,0
824731,-1.09,0.51,9.06,0.03,-0.01,0
824741,-1.09,0.51,9.09,0.03,-0.01,0
824751,-1.07,0.52,9.09,0.03,-0.01,0.01
824761,-1.09,0.51,9.1,0.03,-0.01,0.01
824771,-1.08,0.51,9.12,0.03,-0.01,0.01
824781,-1.11,0.51,9.09,0.03,-0.01,0
824791,-1.12,0.51,9.12,0.03,-0.01,0
824801,-1.11,0.49,9.05,0.03,-0.01,0
824811,-1.09,0.5,9.05,0.03,-0.01,0
824821,-1.09,0.51,9.08,0.03,-0.01,0
824831,-1.07,0.51,9.07,0.03,-0.01,0
824841,-1.07,0.5,9.07,0.03,-0.01,0
824851,-1.09,0.51,9.08,0.03,-0.01,0
824861,-1.11,0.52,9.08,0.03,-0.01,0.01
824871,-1.1,0.51,9.06,0.03,-0.01,0
824881,-1.1,0.52,9.07,0.03,-0.01,0.01
824891,-1.1,0.53,9.1,0.03,-0.01,0
824901,-1.11,0.52,9.09,0.03,-0.01,0
824911,-1.1,0.51,9.08,0.03,-0.01,0.01
824921,-1.08,0.52,9.08,0.03,-0.01,0
824931,-1.1,0.49,9.1,0.03,-0.01,0
824941,-1.09,0.49,9.12,0.03,-0.01,0
824951,-1.07,0.5,9.11,0.03,-0.01,0
824961,-1.05,0.5,9.09,0.03,-0.01,0.01
824971,-1.05,0.5,9.09,0.03,-0.01,0
824981,-1.07,0.5,9.08,0.03,-0.01,0
824991,-1.1,0.51,9.08,0.03,0,0.01
825001,-1.11,0.51,9.06,0.03,-0.01,0
825011,-1.11,0.51,9.08,0.03,-0.01,0.01
825021,-1.1,0.5,9.08,0.03,-0.01,0
825031,-1.09,0.5,9.09,0.03,-0.01,0
825041,-1.07,0.51,9.08,0.03,-0.01,0
825051,-1.08,0.53,9.07,0.03,-0.01,0
825061,-1.09,0.53,9.11,0.03,-0.01,0
825071,-1.07,0.5,9.09,0.03,-0.01,0
825081,-1.09,0.51,9.08,0.03,-0.01,0
825091,-1.09,0.5,9.07,0.03,-0.01,0
825101,-1.09,0.5,9.08,0.03,-0.01,0
825111,-1.1,0.51,9.07,0.03,-0.01,0.01
825121,-1.09,0.5,9.08,0.03,-0.01,0
825131,-1.1,0.51,9.08,0.03,-0.01,0
825141,-1.08,0.5,9.1,0.03,-0.01,0
825151,-1.07,0.51,9.08,0.03,-0.01,0
825161,-1.1,0.5,9.09,0.03,-0.01,0
825171,-1.08,0.5,9.08,0.03,-0.01,0
825181,-1.09,0.51,9.08,0.03,-0.01,0
825191,-1.1,0.49,9.09,0.03,-0.01,0
825201,-1.1,0.48,9.07,0.03,-0.01,0
825211,-1.11,0.48,9.09,0.03,-0.01,0
825221,-1.08,0.51,9.05,0.03,-0.01,0.01
825231,-1.07,0.52,9.05,0.03,-0.01,0.01
825241,-1.08,0.52,9.08,0.03,-0.01,0.01
825251,-1.06,0.53,9.07,0.03,-0.01,0.01
825261,-1.07,0.53,9.06,0.03,-0.01,0
825271,-1.1,0.52,9.05,0.03,-0.01,0
825281,-1.12,0.51,9.07,0.03,-0.01,0
825291,-1.11,0.5,9.09,0.03,-0.01,0
825301,-1.13,0.49,9.09,0.03,-0.01,0
825311,-1.09,0.49,9.07,0.03,-0.01,0
825321,-1.07,0.51,9.09,0.03,-0.02,0
825331,-1.06,0.51,9.05,0.03,-0.02,0.01
825341,-1.06,0.48,9.06,0.03,-0.01,0.01
825351,-1.07,0.51,9.05,0.03,-0.01,0
825361,-1.07,0.52,9.08,0.03,0,0
825371,-1.08,0.53,9.08,0.03,-0.01,0
825381,-1.1,0.51,9.08,0.03,-0.01,0
825391,-1.09,0.51,9.07,0.03,-0.01,0
825401,-1.1,0.51,9.06,0.03,-0.01,0
825411,-1.09,0.5,9.05,0.03,-0.01,0
825421,-1.09,0.48,9.07,0.03,-0.01,0
825431,-1.07,0.51,9.08,0.03,-0.01,0
825441,-1.06,0.52,9.08,0.03,-0.01,0
825451,-1.07,0.5,9.09,0.03,-0.01,0
825461,-1.08,0.52,9.05,0.03,-0.01,0
825471,-1.1,0.52,9.09,0.03,-0.01,0
825481,-1.12,0.52,9.1,0.03,-0.01,0
825491,-1.11,0.52,9.08,0.03,-0.01,0
825501,-1.09,0.53,9.09,0.03,-0.01,0
825511,-1.09,0.52,9.11,0.03,-0.01,0.01
825521,-1.07,0.49,9.07,0.03,-0.01,0.01
825531,-1.07,0.5,9.09,0.03,-0.01,0
825541,-1.07,0.49,9.07,0.03,-0.01,0
825551,-1.08,0.5,9.07,0.03,-0.01,0.01
825561,-1.1,0.51,9.07,0.03,-0.01,0
825571,-1.1,0.5,9.08,0.03,-0.01,0
825581,-1.11,0.52,9.05,0.03,-0.01,0.01
825591,-1.14,0.55,9.06,0.03,-0.01,0
825601,-1.12,0.54,9.07,0.03,-0.01,0
825611,-1.08,0.54,9.1,0.03,-0.02,0
825621,-1.06,0.53,9.09,0.03,-0.02,0
825631,-1.03,0.52,9.11,0.04,-0.01,0
825641,-1.03,0.51,9.06,0.03,-0.01,0
825651,-1.07,0.48,9.06,0.03,0,0.01
825661,-1.1,0.47,9.06,0.04,0,0.01
825671,-1.12,0.49,9.09,0.03,-0.01,0.01
825681,-1.14,0.49,9.07,0.03,-0.01,0.01
825691,-1.13,0.52,9.09,0.03,-0.01,0
825701,-1.1,0.51,9.09,0.03,-0.01,0
825711,-1.1,0.52,9.09,0.03,-0.01,0
825721,-1.07,0.51,9.07,0.03,-0.01,0
825731,-1.07,0.52,9.1,0.03,-0.01,0
825741,-1.05,0.52,9.08,0.03,-0.01,0
825751,-1.06,0.54,9.09,0.03,-0.01,0.01
825761,-1.08,0.51,9.08,0.03,0,0
825771,-1.09,0.5,9.09,0.03,0,0
825781,-1.11,0.5,9.1,0.03,-0.01,0
825791,-1.12,0.5,9.12,0.03,-0.01,0
825801,-1.12,0.5,9.1,0.03,-0.02,0.01
825811,-1.1,0.5,9.06,0.03,-0.02,0
825821,-1.07,0.52,9.07,0.03,-0.02,0
825831,-1.07,0.53,9.09,0.03,-0.01,0
825841,-1.06,0.52,9.09,0.04,-0.01,0
825851,-1.09,0.5,9.09,0.03,0,0.01
825861,-1.13,0.49,9.05,0.03,0,0
825871,-1.13,0.49,9.05,0.03,-0.01,0
825881,-1.11,0.5,9.08,0.03,-0.01,0
825891,-1.08,0.51,9.08,0.03,-0.01,0
825901,-1.09,0.53,9.06,0.03,-0.01,0
825911,-1.08,0.52,9.08,0.03,-0.01,0
825921,-1.07,0.53,9.09,0.03,-0.01,0
825931,-1.08,0.53,9.11,0.03,-0.01,0
825941,-1.1,0.5,9.1,0.03,-0.01,0
825951,-1.08,0.49,9.06,0.04,-0.01,0
825961,-1.11,0.51,9.07,0.03,-0.01,0
825971,-1.1,0.49,9.09,0.03,-0.01,0
825981,-1.09,0.49,9.07,0.03,-0.01,0.01
825991,-1.06,0.49,9.1,0.03,-0.01,0.01
826001,-1.09,0.51,9.07,0.03,-0.01,0.01
826011,-1.11,0.51,9.08,0.03,-0.01,0.01
826021,-1.08,0.51,9.08,0.03,0,0
826031,-1.09,0.52,9.11,0.03,0,0
826041,-1.1,0.53,9.1,0.03,-0.01,0
826051,-1.1,0.52,9.09,0.03,-0.01,0
826061,-1.09,0.53,9.07,0.03,-0.01,0.01
826071,-1.07,0.51,9.08,0.03,-0.01,0
826081,-1.09,0.51,9.08,0.03,-0.01,0.01
826091,-1.11,0.48,9.09,0.03,-0.01,0
826101,-1.11,0.47,9.09,0.03,-0.01,0
826111,-1.09,0.47,9.08,0.03,-0.02,0
826121,-1.08,0.48,9.06,0.03,-0.02,0
826131,-1.09,0.51,9.09,0.03,-0.01,0
826141,-1.08,0.51,9.06,0.03,-0.01,0
826151,-1.08,0.51,9.07,0.03,-0.01,0
826161,-1.1,0.52,9.07,0.03,-0.01,0.01
826171,-1.08,0.52,9.08,0.03,-0.01,0.01
826181,-1.09,0.52,9.07,0.03,-0.01,0.01
826191,-1.11,0.51,9.06,0.03,-0.01,0.01
826201,-1.12,0.5,9.05,0.03,-0.01,0
826211,-1.1,0.51,9.06,0.03,-0.01,0
826221,-1.09,0.52,9.09,0.03,-0.01,0
826231,-1.08,0.51,9.07,0.03,-0.01,0
826241,-1.08,0.49,9.1,0.03,-0.01,0
826251,-1.09,0.5,9.08,0.03,-0.01,0
826261,-1.08,0.5,9.09,0.03,-0.01,0
826271,-1.07,0.51,9.08,0.03,-0.01,0.01
826281,-1.07,0.53,9.06,0.03,-0.01,0.01
826291,-1.07,0.54,9.05,0.03,-0.01,0.01
826301,-1.08,0.53,9.03,0.03,0,0
826311,-1.12,0.52,9.06,0.03,0,0
826321,-1.12,0.54,9.1,0.03,-0.01,0
826331,-1.11,0.52,9.06,0.03,-0.01,0
826341,-1.09,0.51,9.07,0.03,-0.02,0
826351,-1.09,0.5,9.07,0.03,-0.01,0
826361,-1.07,0.51,9.08,0.03,-0.01,0
826371,-1.06,0.52,9.08,0.03,-0.01,0.01
826381,-1.07,0.51,9.06,0.03,-0.01,0
826391,-1.09,0.48,9.05,0.03,-0.01,0.01
826401,-1.1,0.49,9.1,0.03,-0.01,0
826411,-1.09,0.5,9.08,0.03,-0.01,0.01
826421,-1.12,0.49,9.07,0.03,-0.01,0.01
826431,-1.11,0.5,9.1,0.03,-0.01,0
826441,-1.09,0.52,9.11,0.03,-0.01,0
826451,-1.09,0.52,9.09,0.03,-0.02,0
826461,-1.08,0.51,9.08,0.03,-0.01,0
826471,-1.07,0.51,9.07,0.03,-0.01,0
826481,-1.07,0.53,9.05,0.03,-0.01,0
826491,-1.07,0.51,9.08,0.03,-0.01,0
826501,-1.08,0.51,9.07,0.03,-0.01,0.01
826511,-1.1,0.51,9.07,0.03,-0.01,0
826521,-1.1,0.51,9.06,0.03,-0.01,0
826531,-1.1,0.52,9.08,0.03,-0.01,0
826541,-1.1,0.53,9.08,0.03,-0.01,0
826551,-1.09,0.5,9.05,0.03,-0.01,0
826561,-1.06,0.52,9.07,0.03,-0.01,0
826571,-1.05,0.54,9.09,0.03,-0.01,0
826581,-1.06,0.52,9.08,0.03,-0.01,0
826591,-1.09,0.53,9.08,0.03,-0.01,0
826601,-1.1,0.52,9.08,0.03,-0.01,0
826611,-1.09,0.52,9.07,0.03,-0.01,0
826621,-1.11,0.51,9.06,0.03,-0.01,0
826631,-1.11,0.54,9.07,0.03,-0.01,0
826641,-1.11,0.52,9.09,0.03,-0.01,0
826651,-1.1,0.52,9.09,0.03,-0.01,0
826661,-1.09,0.52,9.1,0.03,-0.01,0
826671,-1.08,0.49,9.08,0.03,-0.01,0
826681,-1.08,0.51,9.07,0.03,-0.01,0
826691,-1.07,0.51,9.07,0.03,-0.01,0
826701,-1.08,0.49,9.09,0.03,-0.01,0
826711,-1.1,0.51,9.07,0.03,-0.01,0
826721,-1.11,0.51,9.07,0.03,-0.01,0
826731,-1.11,0.51,9.08,0.03,-0.01,0
826741,-1.09,0.5,9.06,0.03,-0.01,0
826751,-1.08,0.51,9.06,0.03,-0.01,0
826761,-1.08,0.51,9.09,0.03,-0.01,0
826771,-1.09,0.52,9.07,0.03,-0.01,0
826781,-1.09,0.49,9.08,0.03,-0.01,0
826791,-1.1,0.49,9.08,0.03,-0.01,0
826801,-1.1,0.5,9.07,0.03,-0.01,0
826811,-1.1,0.52,9.07,0.03,-0.01,0
826821,-1.11,0.53,9.07,0.03,-0.01,0
826831,-1.09,0.53,9.09,0.03,-0.01,0
826841,-1.07,0.52,9.11,0.03,-0.01,0
826851,-1.06,0.54,9.09,0.03,-0.01,0.01
826861,-1.07,0.53,9.11,0.03,-0.01,0
826871,-1.09,0.51,9.07,0.03,-0.01,0
826881,-1.09,0.51,9.07,0.03,-0.01,0
826891,-1.1,0.49,9.07,0.03,-0.01,0
826901,-1.1,0.48,9.1,0.03,-0.01,0
826911,-1.09,0.49,9.08,0.03,-0.01,0
826921,-1.1,0.49,9.08,0.03,-0.01,0
826931,-1.08,0.47,9.09,0.03,-0.01,0
826941,-1.09,0.5,9.11,0.03,-0.01,0
826951,-1.09,0.53,9.1,0.03,-0.01,0
826961,-1.07,0.52,9.07,0.03,-0.01,0
826971,-1.07,0.54,9.06,0.03,-0.01,0.01
826981,-1.07,0.53,9.04,0.03,0,0
826991,-1.1,0.53,9.06,0.03,0,0
827001,-1.11,0.51,9.06,0.03,-0.01,0
827011,-1.08,0.5,9.06,0.03,-0.02,0.01
827021,-1.09,0.49,9.04,0.03,-0.02,0
827031,-1.06,0.49,9.05,0.03,-0.01,0.01
827041,-1.07,0.51,9.08,0.03,-0.01,0.01
827051,-1.08,0.51,9.08,0.03,0,0.01
827061,-1.08,0.51,9.08,0.03,0,0.01
827071,-1.12,0.51,9.09,0.03,-0.01,0.01
827081,-1.11,0.51,9.05,0.03,-0.01,0
827091,-1.1,0.53,9.08,0.03,-0.01,0
827101,-1.08,0.53,9.05,0.03,-0.01,0
827111,-1.09,0.52,9.06,0.03,-0.01,0
827121,-1.08,0.51,9.1,0.03,-0.01,0
827131,-1.08,0.53,9.08,0.03,-0.01,0
827141,-1.06,0.51,9.08,0.03,-0.01,0.01
827151,-1.06,0.52,9.08,0.03,-0.01,0
827161,-1.08,0.5,9.07,0.03,-0.01,0
827171,-1.11,0.51,9.07,0.03,0,0
827181,-1.12,0.51,9.05,0.03,-0.01,0
827191,-1.12,0.5,9.06,0.03,-0.01,0
827201,-1.1,0.49,9.06,0.03,-0.01,0.01
827211,-1.1,0.49,9.1,0.03,-0.02,0
827221,-1.09,0.51,9.09,0.03,-0.01,0
827231,-1.08,0.49,9.08,0.03,-0.01,0
827241,-1.09,0.5,9.12,0.03,-0.01,0
827251,-1.09,0.51,9.09,0.03,-0.01,0
827261,-1.09,0.5,9.11,0.03,-0.01,0
827271,-1.07,0.49,9.09,0.03,-0.01,0
827281,-1.07,0.49,9.06,0.03,-0.01,0
827291,-1.09,0.5,9.07,0.03,-0.01,0
827301,-1.06,0.52,9.09,0.03,-0.01,0
827311,-1.08,0.5,9.09,0.03,-0.01,0
827321,-1.08,0.53,9.1,0.03,-0.01,0.01
827331,-1.09,0.51,9.06,0.03,-0.01,0
827341,-1.09,0.52,9.08,0.03,-0.01,0
827351,-1.1,0.5,9.07,0.03,-0.01,0
827361,-1.08,0.52,9.07,0.03,-0.01,0
827371,-1.11,0.51,9.11,0.03,-0.01,0
827381,-1.08,0.51,9.11,0.03,-0.02,0
827391,-1.06,0.52,9.1,0.03,-0.01,0
827401,-1.07,0.51,9.07,0.03,-0.01,0
827411,-1.08,0.51,9.07,0.03,-0.01,0
827421,-1.08,0.49,9.05,0.03,-0.01,0
827431,-1.08,0.49,9.08,0.03,-0.01,0
827441,-1.1,0.49,9.06,0.03,-0.01,0
827451,-1.09,0.49,9.04,0.03,-0.01,0
827461,-1.09,0.52,9.06,0.03,-0.01,0
827471,-1.09,0.51,9.06,0.03,-0.01,0
827481,-1.07,0.53,9.05,0.03,-0.01,0.01
827491,-1.08,0.53,9.05,0.03,-0.01,0.01
827501,-1.08,0.53,9.06,0.03,-0.01,0.01
827511,-1.11,0.53,9.05,0.03,-0.01,0
827521,-1.12,0.51,9.08,0.03,-0.01,0
827531,-1.11,0.5,9.06,0.03,-0.01,0
827541,-1.09,0.48,9.08,0.03,-0.02,0
827551,-1.08,0.47,9.06,0.03,-0.02,0
827561,-1.08,0.48,9.09,0.03,-0.01,0
827571,-1.08,0.46,9.1,0.03,-0.01,0
827581,-1.09,0.47,9.1,0.03,-0.01,0.01
827591,-1.08,0.48,9.09,0.03,-0.01,0.01
827601,-1.09,0.48,9.06,0.03,-0.01,0
827611,-1.09,0.51,9.06,0.03,-0.01,0
827621,-1.11,0.54,9.07,0.03,-0.01,0
827631,-1.1,0.56,9.05,0.03,-0.01,0
827641,-1.1,0.56,9.05,0.03,-0.01,0
827651,-1.11,0.54,9.06,0.03,-0.01,0
827661,-1.1,0.51,9.07,0.03,-0.01,0
827671,-1.09,0.49,9.1,0.03,-0.02,0
827681,-1.08,0.48,9.09,0.03,-0.01,0
827691,-1.07,0.47,9.08,0.03,-0.01,0
827701,-1.06,0.47,9.09,0.03,-0.01,0.01
827711,-1.09,0.49,9.11,0.03,-0.01,0
827721,-1.1,0.5,9.09,0.03,-0.01,0
827731,-1.1,0.5,9.08,0.03,-0.01,0
827741,-1.08,0.52,9.08,0.03,-0.01,0
827751,-1.09,0.55,9.07,0.03,-0.01,0
827761,-1.1,0.57,9.08,0.03,-0.01,0
827771,-1.09,0.54,9.09,0.03,-0.01,0
827781,-1.08,0.51,9.1,0.03,-0.01,0
827791,-1.1,0.51,9.11,0.04,-0.01,0
827801,-1.08,0.52,9.07,0.03,-0.01,0
827811,-1.09,0.51,9.08,0.03,-0.01,0
827821,-1.1,0.49,9.09,0.03,-0.01,0
827831,-1.08,0.47,9.08,0.03,-0.01,0
827841,-1.08,0.47,9.11,0.03,-0.01,0
827851,-1.09,0.48,9.09,0.03,-0.01,0.01
827861,-1.1,0.49,9.08,0.03,-0.01,0
827871,-1.08,0.49,9.11,0.03,-0.01,0
827881,-1.1,0.51,9.08,0.03,-0.01,0
827891,-1.09,0.53,9.07,0.03,-0.01,0
827901,-1.08,0.53,9.08,0.03,-0.01,0
827911,-1.09,0.52,9.09,0.03,-0.01,0
827921,-1.07,0.52,9.06,0.03,-0.01,0
827931,-1.09,0.51,9.06,0.03,-0.01,0.01
827941,-1.1,0.51,9.09,0.03,-0.01,0.01
827951,-1.11,0.52,9.08,0.03,-0.01,0
827961,-1.11,0.51,9.09,0.03,-0.01,0
827971,-1.11,0.51,9.08,0.03,-0.01,0
827981,-1.1,0.49,9.06,0.03,-0.01,0
827991,-1.1,0.49,9.07,0.03,-0.01,0
828001,-1.09,0.49,9.05,0.03,-0.01,0
828011,-1.11,0.51,9.05,0.03,-0.01,0.01
828021,-1.08,0.52,9.07,0.03,-0.01,0.01
828031,-1.07,0.54,9.09,0.03,-0.01,0.01
828041,-1.1,0.55,9.07,0.03,-0.01,0
828051,-1.11,0.54,9.1,0.03,-0.01,0
828061,-1.11,0.53,9.1,0.03,-0.01,0
828071,-1.1,0.54,9.08,0.03,-0.01,0
828081,-1.09,0.52,9.08,0.03,-0.01,0
828091,-1.09,0.5,9.09,0.03,-0.01,0
828101,-1.08,0.52,9.12,0.03,-0.01,0
828111,-1.07,0.51,9.1,0.03,-0.01,0
828121,-1.07,0.5,9.11,0.03,-0.01,0
828131,-1.08,0.49,9.09,0.03,-0.01,0.01
828141,-1.09,0.5,9.07,0.03,-0.01,0
828151,-1.11,0.49,9.09,0.03,-0.01,0
828161,-1.08,0.51,9.05,0.03,-0.01,0
828171,-1.09,0.52,9.08,0.03,-0.01,0
828181,-1.1,0.53,9.05,0.03,-0.01,0
828191,-1.1,0.52,9.09,0.03,-0.01,0
828201,-1.07,0.51,9.08,0.03,-0.01,0
828211,-1.08,0.5,9.09,0.03,-0.01,0.01
828221,-1.07,0.5,9.08,0.03,-0.01,0
828231,-1.08,0.51,9.09,0.03,-0.01,0
828241,-1.1,0.49,9.06,0.03,-0.01,0
828251,-1.12,0.51,9.07,0.03,-0.01,0
828261,-1.11,0.51,9.07,0.03,-0.01,0
828271,-1.1,0.52,9.09,0.03,-0.01,0
828281,-1.09,0.51,9.09,0.03,-0.01,0
828291,-1.09,0.51,9.1,0.03,-0.01,0
828301,-1.08,0.5,9.09,0.03,-0.01,0
828311,-1.1,0.49,9.08,0.03,-0.01,0
828321,-1.1,0.49,9.1,0.03,-0.01,0
828331,-1.09,0.49,9.11,0.03,-0.01,0
828341,-1.1,0.49,9.08,0.03,-0.01,0
828351,-1.08,0.5,9.07,0.03,-0.01,0
828361,-1.07,0.5,9.09,0.03,-0.01,0
828371,-1.08,0.51,9.07,0.03,-0.01,0
828381,-1.1,0.52,9.07,0.03,-0.01,0
828391,-1.1,0.53,9.09,0.03,-0.01,0.01
828401,-1.11,0.52,9.1,0.03,-0.01,0
828411,-1.1,0.53,9.08,0.03,-0.01,0
828421,-1.1,0.51,9.09,0.03,-0.01,0
828431,-1.09,0.51,9.1,0.03,-0.01,0
828441,-1.08,0.51,9.06,0.03,-0.01,0
828451,-1.08,0.51,9.06,0.03,-0.01,0
828461,-1.09,0.5,9.07,0.03,-0.01,0
828471,-1.08,0.51,9.08,0.03,-0.01,0
828481,-1.07,0.5,9.06,0.03,-0.01,0
828491,-1.08,0.5,9.06,0.03,-0.01,0
828501,-1.09,0.52,9.08,0.03,-0.01,0
828511,-1.09,0.5,9.1,0.03,-0.01,0
828521,-1.1,0.51,9.09,0.03,-0.01,0
828531,-1.09,0.5,9.09,0.03,-0.01,0
828541,-1.12,0.49,9.05,0.03,-0.01,0
828551,-1.11,0.5,9.06,0.03,-0.01,0
828561,-1.09,0.5,9.06,0.03,-0.01,0
828571,-1.09,0.51,9.07,0.03,-0.01,0
828581,-1.09,0.5,9.06,0.03,-0.01,0
828591,-1.07,0.51,9.06,0.03,-0.01,0
828601,-1.08,0.5,9.07,0.03,-0.01,0
828611,-1.11,0.51,9.09,0.03,-0.01,0
828621,-1.11,0.5,9.09,0.03,-0.01,0
828631,-1.1,0.51,9.07,0.03,-0.01,0
828641,-1.1,0.52,9.06,0.03,-0.01,0
828651,-1.1,0.49,9.08,0.03,-0.01,0
828661,-1.08,0.5,9.06,0.03,-0.01,0
828671,-1.1,0.47,9.08,0.03,-0.01,0
828681,-1.08,0.5,9.05,0.03,-0.01,0
828691,-1.07,0.52,9.06,0.03,-0.01,0
828701,-1.08,0.51,9.09,0.03,-0.01,0
828711,-1.1,0.52,9.07,0.03,-0.01,0
828721,-1.1,0.53,9.05,0.03,-0.01,0
828731,-1.1,0.52,9.06,0.03,-0.01,0
828741,-1.11,0.51,9.1,0.03,-0.01,0.01
828751,-1.1,0.5,9.1,0.03,-0.01,0
828761,-1.09,0.51,9.06,0.03,-0.01,0
828771,-1.07,0.51,9.08,0.03,-0.01,0
828781,-1.07,0.51,9.07,0.03,-0.01,0
828791,-1.08,0.51,9.09,0.03,-0.01,0
828801,-1.08,0.52,9.09,0.03,-0.01,0
828811,-1.09,0.51,9.09,0.03,-0.01,0
828821,-1.11,0.51,9.08,0.03,-0.01,0.01
828831,-1.1,0.49,9.08,0.03,-0.01,0
828841,-1.11,0.49,9.08,0.03,-0.01,0
828851,-1.1,0.49,9.09,0.03,-0.01,0
828861,-1.1,0.5,9.06,0.03,-0.01,0
828871,-1.1,0.51,9.05,0.03,-0.01,0
828881,-1.1,0.51,9.08,0.03,-0.01,0
828891,-1.08,0.51,9.09,0.03,-0.01,0
828901,-1.07,0.52,9.09,0.03,-0.01,0
828911,-1.08,0.52,9.07,0.03,-0.01,0
828921,-1.09,0.53,9.1,0.03,-0.01,0
828931,-1.09,0.51,9.08,0.03,-0.01,0
828941,-1.08,0.49,9.09,0.03,-0.01,0
828951,-1.08,0.47,9.07,0.03,-0.01,0
828961,-1.09,0.49,9.07,0.03,-0.01,0
828971,-1.11,0.48,9.08,0.03,-0.01,0
828981,-1.09,0.5,9.09,0.03,-0.01,0
828991,-1.1,0.5,9.08,0.03,-0.01,0
829001,-1.08,0.51,9.08,0.03,-0.01,0
829011,-1.07,0.5,9.1,0.03,-0.01,0
829021,-1.08,0.52,9.09,0.03,-0.01,0.01
829031,-1.09,0.52,9.07,0.03,-0.01,0.01
829041,-1.09,0.51,9.08,0.03,-0.01,0
829051,-1.1,0.5,9.07,0.03,-0.01,0
829061,-1.1,0.49,9.09,0.03,-0.01,0
829071,-1.1,0.49,9.09,0.03,-0.01,0
829081,-1.1,0.5,9.07,0.03,-0.01,0
829091,-1.1,0.5,9.07,0.03,-0.01,0
829101,-1.12,0.5,9.07,0.03,-0.01,0
829111,-1.08,0.5,9.08,0.03,-0.01,0
829121,-1.08,0.5,9.1,0.03,-0.01,0
829131,-1.08,0.5,9.08,0.03,-0.01,0
829141,-1.08,0.51,9.05,0.03,-0.01,0
829151,-1.08,0.52,9.03,0.03,-0.01,0
829161,-1.08,0.51,9.06,0.03,-0.01,0
829171,-1.08,0.52,9.04,0.03,-0.01,0
829181,-1.09,0.52,9.07,0.03,-0.01,0
829191,-1.1,0.51,9.07,0.03,-0.01,0
829201,-1.1,0.5,9.08,0.03,-0.01,0
829211,-1.09,0.49,9.06,0.03,-0.01,0
829221,-1.08,0.51,9.05,0.03,-0.01,0
829231,-1.1,0.53,9.11,0.03,-0.01,0
829241,-1.09,0.51,9.09,0.03,-0.01,0
829251,-1.07,0.52,9.08,0.03,-0.01,0
829261,-1.07,0.5,9.06,0.03,-0.01,0
829271,-1.08,0.5,9.05,0.03,-0.01,0
829281,-1.1,0.49,9.07,0.03,-0.01,0
829291,-1.1,0.5,9.09,0.03,-0.01,0.01
829301,-1.1,0.49,9.09,0.03,-0.01,0
829311,-1.09,0.5,9.08,0.03,-0.01,0
829321,-1.07,0.52,9.1,0.03,-0.01,0.01
829331,-1.08,0.51,9.09,0.03,-0.01,0.01
829341,-1.09,0.52,9.09,0.03,-0.01,0
829351,-1.11,0.49,9.1,0.03,-0.01,0
829361,-1.1,0.51,9.11,0.03,-0.01,0
829371,-1.08,0.51,9.06,0.03,-0.01,0
829381,-1.07,0.52,9.07,0.03,-0.01,0
829391,-1.08,0.52,9.08,0.03,-0.01,0
829401,-1.09,0.53,9.06,0.03,-0.01,0
829411,-1.1,0.53,9.11,0.03,-0.01,0
829421,-1.12,0.51,9.1,0.03,-0.01,0
829431,-1.12,0.5,9.07,0.03,-0.01,0
829441,-1.11,0.5,9.08,0.03,-0.01,0
829451,-1.09,0.49,9.1,0.03,-0.01,0
829461,-1.09,0.5,9.1,0.03,-0.01,0
829471,-1.09,0.49,9.11,0.03,-0.01,0
829481,-1.08,0.5,9.09,0.03,-0.01,0.01
829491,-1.11,0.5,9.07,0.03,-0.01,0
829501,-1.09,0.5,9.1,0.03,-0.01,0
829511,-1.09,0.5,9.12,0.03,-0.01,0
829521,-1.1,0.53,9.1,0.03,-0.01,0
829531,-1.1,0.53,9.11,0.03,-0.01,0
829541,-1.11,0.54,9.1,0.04,-0.01,0
829551,-1.1,0.54,9.08,0.03,-0.01,0
829561,-1.11,0.51,9.09,0.03,-0.01,0.01
829571,-1.07,0.46,9.11,0.03,-0.01,0
829581,-1.09,0.46,9.1,0.03,-0.01,0
829591,-1.08,0.48,9.1,0.03,-0.01,0
829601,-1.09,0.48,9.08,0.03,-0.01,0
829611,-1.12,0.49,9.08,0.03,-0.01,0
829621,-1.09,0.5,9.1,0.03,-0.01,0
829631,-1.09,0.51,9.08,0.03,-0.01,0
829641,-1.06,0.53,9.06,0.03,-0.01,0
829651,-1.07,0.53,9.1,0.03,-0.01,0
829661,-1.08,0.51,9.09,0.03,-0.01,0
829671,-1.1,0.52,9.09,0.03,-0.01,0
829681,-1.1,0.51,9.1,0.03,-0.01,0
829691,-1.1,0.51,9.09,0.03,-0.01,0
829701,-1.08,0.5,9.09,0.03,-0.01,0
829711,-1.08,0.51,9.09,0.03,-0.01,0
829721,-1.08,0.5,9.1,0.03,-0.01,0.01
829731,-1.07,0.49,9.09,0.03,-0.01,0
829741,-1.07,0.5,9.06,0.03,-0.01,0
829751,-1.07,0.5,9.08,0.03,-0.01,0
829761,-1.07,0.5,9.07,0.03,-0.01,0.01
829771,-1.09,0.5,9.1,0.03,-0.01,0
829781,-1.1,0.5,9.08,0.03,-0.01,0
829791,-1.09,0.51,9.08,0.03,-0.01,0
829801,-1.08,0.52,9.11,0.03,-0.01,0
829811,-1.1,0.52,9.09,0.03,-0.01,0
829821,-1.1,0.51,9.08,0.03,-0.01,0
829831,-1.11,0.51,9.09,0.03,-0.01,0
829841,-1.07,0.5,9.08,0.03,-0.01,0.01
829851,-1.07,0.5,9.06,0.03,-0.01,0
829861,-1.07,0.49,9.1,0.03,-0.01,0
829871,-1.1,0.51,9.1,0.03,-0.01,0
829881,-1.11,0.51,9.09,0.03,-0.01,0
829891,-1.1,0.5,9.08,0.03,-0.01,0
829901,-1.11,0.53,9.07,0.03,-0.01,0
829911,-1.09,0.52,9.05,0.03,-0.01,0
829921,-1.08,0.52,9.06,0.03,-0.01,0
829931,-1.1,0.52,9.08,0.03,-0.01,0
829941,-1.1,0.51,9.1,0.03,-0.01,0
829951,-1.1,0.53,9.1,0.03,-0.01,0
829961,-1.09,0.52,9.08,0.03,-0.01,0
829971,-1.1,0.51,9.08,0.03,-0.01,0
829981,-1.09,0.51,9.07,0.03,-0.01,0
829991,-1.09,0.51,9.08,0.03,-0.01,0
830001,-1.09,0.51,9.09,0.03,-0.01,0
830011,-1.09,0.5,9.06,0.03,-0.01,0
830021,-1.1,0.5,9.07,0.03,-0.01,0
830031,-1.09,0.5,9.07,0.03,-0.01,0
830041,-1.05,0.51,9.1,0.03,-0.01,0
830051,-1.07,0.5,9.05,0.03,-0.01,0
830061,-1.08,0.5,9.08,0.03,-0.01,0
830071,-1.11,0.51,9.1,0.03,-0.01,0
830081,-1.11,0.51,9.11,0.03,-0.01,0
830091,-1.09,0.5,9.07,0.03,-0.01,0
830101,-1.1,0.52,9.09,0.03,-0.01,0
830111,-1.07,0.5,9.09,0.03,-0.01,0.01
830121,-1.05,0.5,9.07,0.03,-0.01,0
830131,-1.09,0.5,9.09,0.03,-0.01,0
830141,-1.09,0.51,9.11,0.03,-0.01,0
830151,-1.1,0.5,9.11,0.03,-0.01,0
830161,-1.1,0.5,9.1,0.03,-0.01,0
830171,-1.08,0.5,9.07,0.03,-0.01,0
830181,-1.1,0.52,9.09,0.03,-0.01,0.01
830191,-1.08,0.54,9.09,0.03,-0.01,0
830201,-1.08,0.54,9.1,0.03,-0.01,0
830211,-1.09,0.54,9.1,0.03,-0.01,0
830221,-1.09,0.53,9.08,0.03,-0.01,0.01
830231,-1.08,0.5,9.07,0.03,-0.01,0
830241,-1.09,0.49,9.08,0.03,-0.01,0
830251,-1.08,0.48,9.06,0.03,-0.01,0
830261,-1.08,0.48,9.08,0.03,-0.01,0
830271,-1.07,0.51,9.08,0.03,-0.01,0.01
830281,-1.08,0.51,9.06,0.03,-0.01,0
830291,-1.1,0.52,9.1,0.03,-0.01,0
830301,-1.11,0.51,9.06,0.03,-0.01,0
830311,-1.11,0.53,9.05,0.03,-0.01,0
830321,-1.1,0.51,9.07,0.03,-0.01,0.01
830331,-1.11,0.52,9.07,0.03,-0.01,0
830341,-1.08,0.52,9.07,0.03,-0.01,0
830351,-1.09,0.51,9.06,0.03,-0.01,0
830361,-1.11,0.52,9.07,0.03,-0.01,0.01
830371,-1.1,0.5,9.07,0.03,-0.01,0
830381,-1.1,0.51,9.09,0.03,-0.01,0
830391,-1.09,0.51,9.09,0.03,-0.01,0
830401,-1.07,0.49,9.08,0.03,-0.01,0
830411,-1.09,0.51,9.1,0.03,-0.01,0
830421,-1.09,0.51,9.09,0.03,-0.01,0
830431,-1.07,0.51,9.08,0.03,-0.01,0
830441,-1.07,0.51,9.07,0.03,-0.01,0
830451,-1.09,0.51,9.09,0.03,-0.01,0.01
830461,-1.09,0.51,9.07,0.03,-0.01,0
830471,-1.09,0.51,9.05,0.03,-0.01,0.01
830481,-1.1,0.52,9.05,0.03,-0.01,0
830491,-1.09,0.53,9.05,0.03,-0.01,0.01
830501,-1.07,0.54,9.07,0.03,-0.01,0
830511,-1.08,0.52,9.06,0.03,-0.01,0
830521,-1.1,0.5,9.07,0.03,-0.01,0
830531,-1.08,0.5,9.07,0.03,-0.01,0
830541,-1.09,0.51,9.08,0.03,-0.01,0
830551,-1.07,0.51,9.04,0.03,-0.01,0
830561,-1.07,0.5,9.08,0.03,-0.01,0
830571,-1.09,0.5,9.09,0.03,-0.01,0
830581,-1.08,0.52,9.1,0.03,-0.01,0
830591,-1.09,0.52,9.08,0.03,-0.01,0
830601,-1.07,0.52,9.1,0.03,-0.01,0
830611,-1.1,0.53,9.11,0.03,-0.01,0
830621,-1.09,0.52,9.08,0.03,-0.01,0.01
830631,-1.1,0.5,9.09,0.03,-0.01,0
830641,-1.09,0.51,9.11,0.03,-0.01,0
830651,-1.1,0.51,9.06,0.03,-0.01,0
830661,-1.1,0.51,9.09,0.03,-0.01,0
830671,-1.09,0.51,9.07,0.03,-0.01,0
830681,-1.1,0.51,9.09,0.03,-0.01,0
830691,-1.08,0.5,9.08,0.03,-0.01,0
830701,-1.1,0.51,9.04,0.03,-0.01,0
830711,-1.09,0.49,9.06,0.03,-0.01,0
830721,-1.11,0.51,9.08,0.03,-0.01,0
830731,-1.11,0.53,9.07,0.03,-0.01,0
830741,-1.11,0.52,9.09,0.03,-0.01,0
830751,-1.09,0.53,9.08,0.03,-0.01,0
830761,-1.08,0.52,9.08,0.03,-0.01,0
830771,-1.09,0.51,9.07,0.03,-0.01,0
830781,-1.09,0.5,9.04,0.03,-0.01,0
830791,-1.08,0.5,9.1,0.03,-0.01,0
830801,-1.08,0.51,9.11,0.03,-0.01,0
830811,-1.08,0.5,9.08,0.03,-0.01,0
830821,-1.08,0.51,9.1,0.03,-0.01,0
830831,-1.09,0.5,9.09,0.03,-0.01,0
830841,-1.09,0.52,9.07,0.03,-0.01,0
830851,-1.12,0.52,9.09,0.03,-0.01,0
830861,-1.11,0.53,9.07,0.03,-0.01,0
830871,-1.1,0.51,9.1,0.03,-0.01,0
830881,-1.09,0.52,9.09,0.03,-0.01,0
830891,-1.07,0.52,9.07,0.03,-0.01,0
830901,-1.07,0.5,9.07,0.03,-0.01,0
830911,-1.07,0.5,9.09,0.03,-0.01,0
830921,-1.09,0.51,9.09,0.03,-0.01,0
830931,-1.09,0.5,9.07,0.03,-0.01,0
830941,-1.1,0.51,9.08,0.03,-0.01,0
830951,-1.08,0.51,9.07,0.03,-0.01,0.01
830961,-1.08,0.52,9.08,0.03,-0.01,0
830971,-1.08,0.51,9.1,0.03,-0.01,0
830981,-1.09,0.51,9.09,0.03,-0.01,0
830991,-1.1,0.51,9.09,0.03,-0.01,0
831001,-1.1,0.51,9.07,0.03,-0.01,0
831011,-1.07,0.5,9.11,0.03,-0.01,0
831021,-1.07,0.49,9.08,0.03,-0.01,0
831031,-1.08,0.5,9.09,0.03,-0.01,0
831041,-1.08,0.47,9.09,0.03,-0.01,0
831051,-1.09,0.48,9.08,0.03,-0.01,0
831061,-1.09,0.5,9.08,0.03,-0.01,0
831071,-1.12,0.51,9.06,0.03,-0.01,0
831081,-1.09,0.53,9.06,0.03,-0.01,0
831091,-1.07,0.53,9.07,0.03,-0.01,0
831101,-1.09,0.53,9.05,0.03,-0.01,0
831111,-1.11,0.53,9.09,0.03,-0.01,0
831121,-1.1,0.51,9.06,0.03,-0.01,0
831131,-1.1,0.5,9.09,0.03,-0.01,0
831141,-1.09,0.5,9.08,0.03,-0.01,0
831151,-1.08,0.5,9.06,0.03,-0.01,0
831161,-1.09,0.51,9.09,0.03,-0.01,0
831171,-1.08,0.51,9.07,0.03,-0.01,0
831181,-1.09,0.49,9.07,0.03,-0.01,0
831191,-1.1,0.51,9.06,0.03,-0.01,0
831201,-1.11,0.51,9.07,0.03,-0.01,0
831211,-1.11,0.51,9.1,0.03,-0.01,0
831221,-1.09,0.52,9.09,0.03,-0.01,0
831231,-1.1,0.53,9.05,0.03,-0.01,0
831241,-1.09,0.51,9.07,0.03,-0.01,0
831251,-1.1,0.5,9.06,0.03,-0.01,0
831261,-1.1,0.5,9.05,0.03,-0.01,0
831271,-1.09,0.52,9.09,0.03,-0.01,0
831281,-1.1,0.51,9.11,0.03,-0.01,0
831291,-1.1,0.51,9.08,0.03,-0.01,0
831301,-1.11,0.49,9.08,0.03,-0.01,0
831311,-1.09,0.49,9.07,0.03,-0.01,0
831321,-1.09,0.5,9.09,0.03,-0.01,0
831331,-1.07,0.51,9.07,0.03,-0.01,0
831341,-1.06,0.5,9.08,0.03,-0.01,0
831351,-1.07,0.51,9.1,0.03,-0.01,0
831361,-1.1,0.49,9.07,0.03,0,0
831371,-1.1,0.49,9.07,0.03,-0.01,0
831381,-1.12,0.52,9.06,0.03,-0.01,0
831391,-1.12,0.51,9.06,0.03,-0.01,0
831401,-1.09,0.51,9.07,0.03,-0.01,0
831411,-1.1,0.52,9.07,0.03,-0.01,0
831421,-1.09,0.51,9.05,0.03,-0.01,0
831431,-1.06,0.51,9.08,0.03,-0.01,0
831441,-1.07,0.49,9.08,0.03,-0.01,0
831451,-1.08,0.49,9.07,0.03,-0.01,0.01
831461,-1.11,0.49,9.09,0.03,-0.01,0
831471,-1.12,0.48,9.08,0.03,-0.01,0
831481,-1.11,0.49,9.07,0.03,-0.01,0
831491,-1.11,0.53,9.05,0.03,-0.01,0
831501,-1.1,0.55,9.05,0.03,-0.01,0
831511,-1.1,0.53,9.08,0.03,-0.01,0
831521,-1.09,0.52,9.06,0.03,-0.01,0
831531,-1.09,0.51,9.06,0.03,-0.01,0
831541,-1.08,0.49,9.08,0.03,-0.01,0
831551,-1.09,0.48,9.09,0.03,-0.01,0.01
831561,-1.09,0.49,9.1,0.03,-0.01,0.01
831571,-1.07,0.49,9.07,0.03,-0.01,0
831581,-1.08,0.51,9.1,0.03,-0.01,0
831591,-1.09,0.52,9.08,0.03,-0.01,0
831601,-1.11,0.53,9.1,0.03,-0.01,0
831611,-1.08,0.53,9.11,0.03,-0.01,0
831621,-1.07,0.51,9.09,0.03,-0.01,0
831631,-1.07,0.52,9.07,0.03,-0.01,0
831641,-1.08,0.53,9.1,0.03,-0.01,0
831651,-1.09,0.53,9.07,0.03,-0.01,0
831661,-1.07,0.52,9.1,0.03,-0.01,0
831671,-1.1,0.51,9.08,0.03,-0.01,0
831681,-1.09,0.5,9.08,0.03,-0.01,0
831691,-1.08,0.5,9.12,0.03,-0.01,0.01
831701,-1.08,0.49,9.1,0.03,-0.01,0
831711,-1.07,0.49,9.06,0.03,-0.01,0
831721,-1.1,0.49,9.12,0.04,-0.01,0
831731,-1.08,0.5,9.1,0.03,-0.01,0
831741,-1.08,0.51,9.08,0.03,-0.01,0
831751,-1.08,0.5,9.07,0.03,-0.01,0
831761,-1.07,0.5,9.06,0.03,-0.01,0
831771,-1.09,0.5,9.07,0.03,-0.01,0
831781,-1.08,0.51,9.06,0.03,-0.01,0
831791,-1.09,0.51,9.06,0.03,-0.01,0.01
831801,-1.09,0.5,9.08,0.03,-0.01,0
831811,-1.1,0.49,9.06,0.03,-0.01,0
831821,-1.1,0.52,9.09,0.03,-0.01,0
831831,-1.09,0.51,9.1,0.03,-0.01,0
831841,-1.08,0.5,9.09,0.03,-0.01,0
831851,-1.09,0.52,9.09,0.03,-0.01,0
831861,-1.09,0.5,9.1,0.03,-0.01,0
831871,-1.07,0.5,9.08,0.03,-0.01,0
831881,-1.09,0.49,9.08,0.03,-0.01,0
831891,-1.1,0.5,9.07,0.03,-0.01,0.01
831901,-1.09,0.5,9.08,0.03,-0.01,0
831911,-1.11,0.51,9.09,0.03,-0.01,0
831921,-1.1,0.5,9.07,0.03,-0.01,0
831931,-1.08,0.51,9.06,0.03,-0.01,0
831941,-1.08,0.52,9.06,0.03,-0.01,0.01
831951,-1.09,0.52,9.11,0.03,-0.01,0.01
831961,-1.11,0.51,9.1,0.03,-0.01,0
831971,-1.12,0.51,9.1,0.03,-0.01,0
831981,-1.1,0.51,9.09,0.03,-0.01,0
831991,-1.09,0.51,9.1,0.03,-0.01,0.01
832001,-1.11,0.5,9.08,0.03,-0.01,0.01
832011,-1.09,0.51,9.07,0.03,-0.01,0
832021,-1.11,0.49,9.08,0.03,-0.01,0
832031,-1.09,0.51,9.08,0.03,-0.01,0
832041,-1.09,0.51,9.09,0.03,-0.01,0
832051,-1.07,0.51,9.05,0.03,-0.01,0
832061,-1.07,0.52,9.07,0.03,-0.01,0
832071,-1.08,0.53,9.06,0.03,-0.01,0
832081,-1.09,0.54,9.08,0.03,-0.01,0
832091,-1.09,0.51,9.08,0.03,-0.01,0
832101,-1.07,0.51,9.08,0.03,-0.01,0
832111,-1.1,0.5,9.06,0.03,-0.01,0.01
832121,-1.1,0.47,9.09,0.03,-0.01,0
832131,-1.1,0.48,9.06,0.03,-0.01,0
832141,-1.08,0.48,9.08,0.03,-0.01,0
832151,-1.1,0.5,9.08,0.03,-0.01,0
832161,-1.09,0.52,9.08,0.03,-0.01,0
832171,-1.09,0.54,9.07,0.03,-0.01,0
832181,-1.09,0.52,9.08,0.03,-0.01,0
832191,-1.09,0.52,9.07,0.03,-0.01,0
832201,-1.09,0.51,9.06,0.03,-0.01,0
832211,-1.11,0.51,9.09,0.03,-0.01,0
832221,-1.1,0.5,9.09,0.03,-0.01,0
832231,-1.08,0.5,9.11,0.03,-0.01,0
832241,-1.07,0.49,9.1,0.03,-0.01,0
832251,-1.07,0.49,9.06,0.03,-0.01,0
832261,-1.07,0.49,9.1,0.03,-0.01,0
832271,-1.1,0.52,9.07,0.03,-0.01,0
832281,-1.1,0.51,9.08,0.03,-0.01,0
832291,-1.09,0.51,9.09,0.03,-0.01,0.01
832301,-1.08,0.52,9.06,0.03,-0.01,0
832311,-1.07,0.54,9.07,0.03,-0.01,0
832321,-1.07,0.53,9.07,0.03,-0.01,0
832331,-1.08,0.55,9.06,0.03,-0.01,0
832341,-1.09,0.54,9.05,0.03,-0.01,0
832351,-1.09,0.51,9.07,0.03,-0.01,0
832361,-1.09,0.5,9.05,0.03,-0.01,0
832371,-1.1,0.49,9.07,0.03,-0.01,0
832381,-1.1,0.49,9.09,0.04,-0.01,0
832391,-1.07,0.51,9.1,0.03,-0.01,0
832401,-1.09,0.51,9.11,0.03,-0.01,0
832411,-1.09,0.51,9.07,0.03,-0.01,0
832421,-1.1,0.51,9.07,0.03,-0.01,0
832431,-1.08,0.5,9.07,0.03,-0.01,0
832441,-1.07,0.48,9.08,0.03,-0.01,0
832451,-1.09,0.51,9.1,0.03,-0.01,0.01
832461,-1.09,0.51,9.09,0.03,-0.01,0
832471,-1.1,0.52,9.07,0.03,-0.01,0
832481,-1.11,0.52,9.07,0.03,-0.01,0.01
832491,-1.12,0.52,9.08,0.03,-0.01,0
832501,-1.11,0.52,9.1,0.03,-0.01,0
832511,-1.08,0.52,9.08,0.03,-0.01,0
832521,-1.09,0.5,9.08,0.03,-0.02,0
832531,-1.09,0.5,9.08,0.03,-0.01,0.01
832541,-1.08,0.48,9.07,0.04,-0.01,0.01
832551,-1.09,0.48,9.09,0.03,-0.01,0.01
832561,-1.08,0.51,9.1,0.03,-0.01,0
832571,-1.09,0.48,9.08,0.03,-0.01,0
832581,-1.09,0.51,9.06,0.03,-0.01,0.01
832591,-1.09,0.54,9.11,0.03,-0.01,0.01
832601,-1.09,0.51,9.12,0.03,-0.01,0
832611,-1.1,0.51,9.09,0.03,-0.01,0.01
832621,-1.12,0.52,9.08,0.03,-0.01,0
832631,-1.11,0.51,9.08,0.03,-0.01,0
832641,-1.08,0.51,9.08,0.03,-0.01,0
832651,-1.08,0.51,9.06,0.03,-0.01,0
832661,-1.09,0.51,9.09,0.03,-0.01,0
832671,-1.08,0.51,9.08,0.03,-0.01,0
832681,-1.08,0.51,9.08,0.03,-0.01,0
832691,-1.08,0.5,9.08,0.03,-0.01,0
832701,-1.08,0.49,9.08,0.03,-0.01,0
832711,-1.09,0.5,9.08,0.03,-0.01,0
832721,-1.08,0.51,9.07,0.03,-0.01,0
832731,-1.08,0.51,9.08,0.03,-0.01,0
832741,-1.08,0.52,9.09,0.03,-0.01,0
832751,-1.07,0.52,9.09,0.03,-0.01,0.01
832761,-1.08,0.49,9.1,0.03,-0.01,0
832771,-1.09,0.49,9.04,0.03,-0.01,0
832781,-1.09,0.49,9.05,0.03,-0.01,0
832791,-1.08,0.47,9.08,0.03,-0.01,0
832801,-1.09,0.5,9.1,0.03,-0.01,0
832811,-1.09,0.5,9.08,0.03,-0.01,0
832821,-1.09,0.52,9.08,0.03,-0.01,0
832831,-1.09,0.53,9.05,0.03,-0.01,0
832841,-1.09,0.55,9.05,0.03,-0.01,0
832851,-1.09,0.54,9.06,0.03,-0.01,0
832861,-1.09,0.53,9.05,0.03,-0.01,0
832871,-1.09,0.51,9.07,0.03,-0.01,0
832881,-1.08,0.49,9.09,0.03,-0.01,0
832891,-1.08,0.49,9.07,0.03,-0.01,0
832901,-1.1,0.49,9.07,0.03,-0.01,0
832911,-1.09,0.49,9.05,0.03,-0.01,0
832921,-1.09,0.49,9.09,0.03,-0.01,0
832931,-1.08,0.5,9.1,0.03,-0.01,0
832941,-1.07,0.51,9.09,0.03,-0.01,0.01
832951,-1.1,0.51,9.09,0.03,-0.01,0.01
832961,-1.1,0.51,9.08,0.03,-0.01,0
832971,-1.11,0.53,9.08,0.03,-0.01,0
832981,-1.12,0.53,9.07,0.03,-0.01,0.01
832991,-1.1,0.52,9.05,0.03,-0.01,0
833001,-1.09,0.51,9.05,0.03,-0.01,0
833011,-1.09,0.51,9.05,0.03,-0.01,0
833021,-1.07,0.52,9.09,0.03,-0.01,0
833031,-1.07,0.51,9.1,0.03,-0.01,0
833041,-1.06,0.51,9.09,0.03,-0.01,0
833051,-1.07,0.51,9.06,0.03,-0.01,0.01
833061,-1.1,0.51,9.06,0.03,-0.01,0
833071,-1.11,0.51,9.06,0.03,-0.01,0.01
833081,-1.1,0.51,9.08,0.03,-0.01,0
833091,-1.12,0.53,9.09,0.03,-0.01,0
833101,-1.12,0.51,9.08,0.03,-0.01,0
833111,-1.09,0.51,9.05,0.03,-0.01,0
833121,-1.08,0.51,9.05,0.03,-0.01,0
833131,-1.07,0.51,9.06,0.03,-0.01,0
833141,-1.08,0.52,9.06,0.03,-0.01,0
833151,-1.1,0.51,9.06,0.03,-0.01,0
833161,-1.1,0.51,9.1,0.03,-0.01,0
833171,-1.09,0.5,9.08,0.03,-0.01,0
833181,-1.09,0.48,9.06,0.03,-0.01,0
833191,-1.08,0.5,9.07,0.03,-0.01,0
833201,-1.08,0.49,9.1,0.03,-0.01,0
833211,-1.07,0.51,9.09,0.03,-0.01,0
833221,-1.09,0.53,9.08,0.03,-0.01,0.01
833231,-1.08,0.51,9.06,0.03,-0.01,0.01
833241,-1.08,0.5,9.08,0.03,-0.01,0.01
833251,-1.1,0.5,9.06,0.03,-0.01,0
833261,-1.09,0.52,9.06,0.03,-0.01,0.01
833271,-1.07,0.54,9.09,0.03,-0.01,0
833281,-1.09,0.53,9.09,0.03,-0.01,0
833291,-1.09,0.52,9.08,0.03,-0.01,0.01
833301,-1.1,0.52,9.1,0.03,-0.01,0
833311,-1.08,0.5,9.09,0.03,-0.01,0
833321,-1.06,0.52,9.09,0.03,-0.01,0
833331,-1.08,0.51,9.05,0.03,-0.01,0
833341,-1.08,0.52,9.05,0.03,-0.01,0
833351,-1.09,0.51,9.04,0.03,-0.01,0
833361,-1.09,0.51,9.08,0.03,-0.01,0
833371,-1.1,0.5,9.08,0.03,-0.01,0
833381,-1.08,0.51,9.1,0.03,-0.02,0
833391,-1.07,0.5,9.09,0.03,-0.02,0
833401,-1.06,0.5,9.1,0.03,-0.01,0.01
833411,-1.08,0.49,9.08,0.03,0,0.01
833421,-1.1,0.5,9.08,0.03,0,0
833431,-1.13,0.52,9.08,0.03,0,0
833441,-1.13,0.53,9.1,0.03,-0.01,0
833451,-1.13,0.54,9.09,0.03,-0.02,0
833461,-1.07,0.55,9.09,0.03,-0.02,0
833471,-1.07,0.54,9.06,0.03,-0.01,0
833481,-1.07,0.52,9.06,0.03,-0.01,0
833491,-1.07,0.48,9.08,0.03,-0.01,0
833501,-1.09,0.45,9.07,0.03,-0.01,0
833511,-1.07,0.46,9.05,0.03,-0.01,0
833521,-1.08,0.48,9.06,0.03,-0.01,0
833531,-1.08,0.51,9.05,0.03,-0.01,0
833541,-1.08,0.51,9.09,0.03,-0.01,0
833551,-1.11,0.53,9.11,0.03,-0.01,0
833561,-1.11,0.55,9.08,0.03,-0.01,0
833571,-1.1,0.54,9.05,0.03,-0.01,0
833581,-1.09,0.53,9.07,0.03,-0.01,0
833591,-1.08,0.52,9.05,0.03,-0.01,0
833601,-1.08,0.5,9.07,0.03,-0.01,0.01
833611,-1.08,0.51,9.1,0.03,-0.01,0.01
833621,-1.1,0.52,9.07,0.03,-0.01,0
833631,-1.08,0.52,9.06,0.03,-0.01,0
833641,-1.07,0.5,9.08,0.03,-0.01,0.01
833651,-1.1,0.48,9.07,0.03,-0.01,0.01
833661,-1.11,0.49,9.06,0.03,-0.01,0.01
833671,-1.1,0.5,9.08,0.03,-0.01,0
833681,-1.08,0.49,9.06,0.03,-0.01,0
833691,-1.08,0.51,9.1,0.03,-0.01,0
833701,-1.08,0.53,9.08,0.03,-0.01,0
833711,-1.07,0.54,9.09,0.03,-0.01,0.01
833721,-1.07,0.51,9.08,0.03,-0.01,0
833731,-1.08,0.53,9.08,0.03,-0.01,0
833741,-1.09,0.51,9.08,0.03,-0.01,0
833751,-1.09,0.51,9.04,0.03,-0.01,0
833761,-1.1,0.5,9.09,0.04,-0.01,0
833771,-1.09,0.5,9.05,0.03,-0.01,0
833781,-1.08,0.51,9.09,0.03,-0.01,0
833791,-1.06,0.51,9.07,0.03,-0.01,0
833801,-1.07,0.51,9.1,0.03,-0.01,0
833811,-1.08,0.51,9.07,0.03,-0.01,0
833821,-1.08,0.52,9.07,0.03,-0.01,0
833831,-1.09,0.51,9.05,0.03,-0.01,0
833841,-1.1,0.51,9.05,0.03,-0.01,0.01
833851,-1.07,0.51,9.06,0.03,-0.01,0.01
833861,-1.09,0.52,9.07,0.03,-0.01,0
833871,-1.09,0.51,9.09,0.03,-0.01,0
833881,-1.08,0.52,9.1,0.03,-0.01,0
833891,-1.08,0.52,9.1,0.03,-0.01,0
833901,-1.08,0.51,9.09,0.03,-0.01,0
833911,-1.07,0.51,9.08,0.03,-0.01,0
833921,-1.09,0.49,9.07,0.03,-0.01,0
833931,-1.1,0.48,9.08,0.03,-0.01,0
833941,-1.1,0.48,9.07,0.03,-0.01,0
833951,-1.12,0.5,9.07,0.03,-0.01,0
833961,-1.1,0.51,9.05,0.03,-0.01,0
833971,-1.08,0.51,9.08,0.03,-0.01,0
833981,-1.07,0.51,9.1,0.03,-0.01,0
833991,-1.07,0.51,9.09,0.03,-0.01,0
834001,-1.07,0.5,9.07,0.03,-0.01,0
834011,-1.08,0.5,9.08,0.03,-0.01,0
834021,-1.09,0.52,9.09,0.03,-0.01,0
834031,-1.09,0.53,9.08,0.03,-0.01,0.01
834041,-1.09,0.52,9.07,0.03,-0.01,0
834051,-1.09,0.51,9.1,0.03,-0.01,0
834061,-1.09,0.51,9.09,0.03,-0.01,0
834071,-1.07,0.51,9.07,0.03,-0.01,0
834081,-1.07,0.5,9.09,0.03,-0.01,0
834091,-1.09,0.51,9.1,0.03,-0.01,0
834101,-1.09,0.5,9.08,0.03,-0.01,0
834111,-1.08,0.5,9.06,0.03,-0.01,0
834121,-1.07,0.51,9.1,0.03,-0.01,0
834131,-1.08,0.52,9.09,0.03,-0.01,0
834141,-1.07,0.5,9.1,0.03,-0.01,0
834151,-1.1,0.49,9.09,0.03,-0.01,0.01
834161,-1.08,0.51,9.07,0.03,-0.01,0.01
834171,-1.1,0.52,9.07,0.03,-0.01,0
834181,-1.1,0.52,9.08,0.03,-0.01,0
834191,-1.09,0.52,9.09,0.03,-0.01,0
834201,-1.08,0.5,9.11,0.03,-0.01,0
834211,-1.08,0.51,9.1,0.03,-0.01,0.01
834221,-1.09,0.5,9.1,0.03,-0.01,0.01
834231,-1.08,0.51,9.07,0.03,-0.01,0
834241,-1.09,0.49,9.06,0.03,-0.01,0.01
834251,-1.08,0.52,9.07,0.03,-0.01,0.01
834261,-1.09,0.52,9.07,0.03,-0.01,0.01
834271,-1.09,0.52,9.07,0.03,-0.01,0
834281,-1.07,0.51,9.07,0.03,-0.01,0
834291,-1.08,0.51,9.06,0.03,-0.01,0
834301,-1.08,0.49,9.08,0.03,-0.01,0
834311,-1.09,0.49,9.07,0.03,-0.01,0
834321,-1.1,0.5,9.08,0.03,-0.01,0
834331,-1.09,0.49,9.07,0.03,-0.01,0
834341,-1.09,0.5,9.08,0.03,-0.01,0
834351,-1.08,0.52,9.07,0.03,-0.01,0
834361,-1.07,0.51,9.09,0.03,-0.01,0
834371,-1.08,0.51,9.07,0.03,-0.01,0.01
834381,-1.1,0.51,9.07,0.03,-0.01,0.01
834391,-1.09,0.5,9.11,0.03,-0.01,0
834401,-1.1,0.53,9.09,0.03,-0.01,0
834411,-1.1,0.52,9.09,0.03,-0.01,0.01
834421,-1.1,0.52,9.07,0.03,-0.01,0.01
834431,-1.08,0.53,9.07,0.03,-0.01,0
834441,-1.08,0.53,9.09,0.03,-0.01,0
834451,-1.09,0.5,9.08,0.03,-0.01,0.01
834461,-1.1,0.53,9.06,0.03,-0.01,0
834471,-1.09,0.51,9.03,0.03,-0.01,0
834481,-1.09,0.5,9.05,0.03,-0.01,0
834491,-1.09,0.5,9.05,0.03,-0.01,0
834501,-1.11,0.51,9.06,0.03,-0.01,0
834511,-1.09,0.52,9.05,0.03,-0.01,0
834521,-1.1,0.51,9.05,0.03,-0.01,0
834531,-1.1,0.55,9.07,0.03,-0.01,0
834541,-1.09,0.55,9.06,0.03,-0.01,0
834551,-1.07,0.53,9.05,0.03,-0.01,0.01
834561,-1.07,0.53,9.08,0.03,-0.01,0
834571,-1.1,0.52,9.08,0.03,-0.01,0
834581,-1.11,0.52,9.08,0.03,-0.01,0
834591,-1.1,0.51,9.1,0.03,-0.01,0
834601,-1.1,0.51,9.08,0.03,-0.01,0
834611,-1.06,0.51,9.05,0.03,-0.01,0.01
834621,-1.09,0.51,9.06,0.03,-0.01,0.01
834631,-1.07,0.51,9.09,0.03,-0.01,0
834641,-1.09,0.51,9.09,0.03,-0.01,0
834651,-1.09,0.5,9.11,0.03,-0.01,0
834661,-1.07,0.51,9.09,0.03,-0.01,0
834671,-1.09,0.52,9.08,0.03,-0.01,0
834681,-1.09,0.51,9.06,0.03,-0.01,0
834691,-1.09,0.51,9.08,0.03,-0.01,0
834701,-1.09,0.53,9.07,0.03,-0.01,0
834711,-1.09,0.51,9.07,0.03,-0.01,0
834721,-1.09,0.49,9.07,0.03,-0.01,0
834731,-1.07,0.47,9.09,0.03,-0.01,0
834741,-1.08,0.5,9.07,0.03,-0.01,0
834751,-1.08,0.51,9.09,0.03,-0.01,0
834761,-1.08,0.52,9.07,0.03,-0.01,0
834771,-1.08,0.52,9.06,0.03,-0.01,0
834781,-1.09,0.51,9.06,0.03,-0.01,0
834791,-1.1,0.51,9.05,0.03,-0.01,0
834801,-1.1,0.5,9.07,0.03,-0.01,0
834811,-1.1,0.5,9.07,0.03,-0.01,0
834821,-1.1,0.49,9.08,0.03,-0.01,0
834831,-1.1,0.5,9.06,0.03,-0.01,0
834841,-1.08,0.51,9.09,0.03,-0.01,0
834851,-1.07,0.51,9.08,0.03,-0.01,0
834861,-1.11,0.52,9.08,0.03,-0.01,0
834871,-1.12,0.51,9.07,0.03,-0.01,0
834881,-1.11,0.51,9.06,0.03,-0.01,0
834891,-1.12,0.51,9.08,0.03,-0.01,0.01
834901,-1.11,0.5,9.06,0.03,-0.01,0
834911,-1.08,0.51,9.06,0.03,-0.01,0
834921,-1.09,0.51,9.07,0.03,-0.01,0.01
834931,-1.07,0.5,9.08,0.03,-0.01,0
834941,-1.08,0.52,9.1,0.03,-0.01,0
834951,-1.07,0.52,9.08,0.03,-0.01,0
834961,-1.08,0.52,9.1,0.03,-0.01,0
834971,-1.1,0.52,9.08,0.03,-0.01,0
834981,-1.08,0.51,9.09,0.03,-0.01,0
834991,-1.1,0.51,9.07,0.03,-0.01,0.01
835001,-1.1,0.51,9.06,0.03,-0.01,0
835011,-1.08,0.49,9.08,0.03,-0.01,0
835021,-1.07,0.5,9.09,0.03,-0.01,0
835031,-1.09,0.5,9.08,0.03,-0.01,0
835041,-1.07,0.49,9.08,0.03,-0.01,0
835051,-1.07,0.51,9.06,0.03,-0.01,0
835061,-1.08,0.5,9.07,0.03,-0.01,0
835071,-1.09,0.5,9.06,0.03,-0.01,0.01
835081,-1.09,0.5,9.07,0.03,-0.01,0
835091,-1.1,0.51,9.07,0.03,-0.01,0
835101,-1.09,0.49,9.07,0.03,-0.01,0.01
835111,-1.1,0.49,9.1,0.03,-0.01,0
835121,-1.11,0.51,9.08,0.03,-0.01,0
835131,-1.07,0.51,9.09,0.03,-0.01,0
835141,-1.09,0.51,9.07,0.03,-0.01,0
835151,-1.07,0.51,9.08,0.03,-0.01,0
835161,-1.09,0.51,9.05,0.03,-0.01,0
835171,-1.11,0.5,9.1,0.03,-0.01,0
835181,-1.1,0.5,9.1,0.03,-0.01,0.01
835191,-1.09,0.51,9.08,0.03,-0.01,0.01
835201,-1.11,0.5,9.1,0.03,-0.01,0
835211,-1.11,0.51,9.08,0.03,-0.01,0.01
835221,-1.1,0.52,9.09,0.03,-0.01,0
835231,-1.09,0.51,9.07,0.03,-0.01,0
835241,-1.08,0.51,9.06,0.03,-0.01,0.01
835251,-1.05,0.51,9.07,0.03,-0.01,0.01
835261,-1.07,0.5,9.06,0.03,-0.01,0.01
835271,-1.1,0.51,9.08,0.03,-0.01,0.01
835281,-1.1,0.51,9.11,0.03,-0.01,0
835291,-1.11,0.51,9.09,0.03,-0.01,0
835301,-1.11,0.54,9.06,0.03,-0.01,0
835311,-1.09,0.55,9.05,0.03,-0.01,0
835321,-1.09,0.53,9.08,0.03,-0.01,0
835331,-1.09,0.53,9.07,0.03,-0.01,0
835341,-1.08,0.53,9.08,0.03,-0.01,0
835351,-1.06,0.53,9.05,0.03,-0.01,0.01
835361,-1.07,0.51,9.07,0.03,-0.01,0
835371,-1.09,0.47,9.09,0.03,-0.01,0
835381,-1.11,0.47,9.11,0.03,-0.01,0
835391,-1.1,0.48,9.08,0.03,-0.01,0
835401,-1.11,0.47,9.08,0.03,-0.01,0
835411,-1.09,0.5,9.06,0.03,-0.01,0
835421,-1.08,0.53,9.08,0.03,-0.01,0.01
835431,-1.07,0.53,9.09,0.03,-0.01,0
835441,-1.08,0.52,9.08,0.03,-0.01,0
835451,-1.09,0.52,9.11,0.03,-0.01,0
835461,-1.1,0.51,9.09,0.03,-0.01,0
835471,-1.1,0.51,9.06,0.03,-0.01,0
835481,-1.1,0.49,9.08,0.03,-0.01,0
835491,-1.08,0.5,9.05,0.03,-0.01,0
835501,-1.07,0.5,9.06,0.03,-0.01,0
835511,-1.1,0.49,9.07,0.03,-0.01,0
835521,-1.09,0.51,9.06,0.03,-0.01,0
835531,-1.1,0.51,9.1,0.03,-0.01,0.01
835541,-1.09,0.51,9.08,0.03,-0.01,0.01
835551,-1.09,0.53,9.08,0.03,-0.01,0
835561,-1.07,0.52,9.09,0.03,-0.01,0
835571,-1.08,0.53,9.07,0.03,-0.01,0
835581,-1.11,0.51,9.08,0.03,-0.01,0
835591,-1.11,0.51,9.08,0.03,-0.01,0
835601,-1.1,0.5,9.1,0.03,-0.01,0
835611,-1.1,0.5,9.08,0.03,-0.01,0
835621,-1.09,0.5,9.07,0.03,-0.01,0
835631,-1.09,0.5,9.11,0.03,-0.01,0
835641,-1.08,0.51,9.08,0.03,-0.01,0
835651,-1.09,0.49,9.06,0.03,-0.01,0
835661,-1.1,0.49,9.05,0.03,-0.01,0
835671,-1.08,0.51,9.06,0.03,-0.01,0
835681,-1.1,0.52,9.07,0.03,-0.01,0
835691,-1.09,0.51,9.09,0.03,-0.01,0
835701,-1.09,0.52,9.06,0.03,-0.01,0
835711,-1.08,0.51,9.06,0.03,-0.01,0
835721,-1.08,0.5,9.07,0.03,-0.01,0
835731,-1.1,0.47,9.07,0.03,-0.01,0
835741,-1.09,0.5,9.09,0.03,-0.01,0
835751,-1.09,0.5,9.07,0.03,-0.01,0
835761,-1.07,0.51,9.08,0.03,-0.01,0
835771,-1.08,0.51,9.09,0.03,-0.01,0
835781,-1.08,0.52,9.06,0.03,-0.01,0
835791,-1.09,0.51,9.07,0.03,-0.01,0.01
835801,-1.09,0.5,9.11,0.03,-0.01,0
835811,-1.09,0.5,9.08,0.03,-0.01,0
835821,-1.09,0.5,9.08,0.03,-0.01,0
835831,-1.07,0.51,9.09,0.03,-0.01,0
835841,-1.08,0.52,9.08,0.03,-0.01,0
835851,-1.1,0.52,9.09,0.03,-0.01,0
835861,-1.1,0.52,9.11,0.03,-0.01,0
835871,-1.1,0.51,9.11,0.03,-0.01,0
835881,-1.08,0.51,9.07,0.03,-0.01,0
835891,-1.09,0.51,9.1,0.03,-0.01,0
835901,-1.08,0.5,9.09,0.03,-0.01,0
835911,-1.06,0.49,9.09,0.03,-0.01,0
835921,-1.08,0.5,9.09,0.03,-0.01,0
835931,-1.07,0.51,9.1,0.03,-0.01,0
835941,-1.07,0.52,9.08,0.03,-0.01,0
835951,-1.09,0.52,9.06,0.03,-0.01,0
835961,-1.09,0.51,9.05,0.03,-0.01,0.01
835971,-1.08,0.51,9.06,0.03,-0.01,0
835981,-1.1,0.49,9.09,0.03,-0.01,0
835991,-1.09,0.5,9.07,0.03,-0.01,0
836001,-1.09,0.51,9.1,0.03,-0.01,0
836011,-1.07,0.51,9.06,0.03,-0.01,0
836021,-1.07,0.5,9.05,0.03,-0.01,0
836031,-1.08,0.48,9.08,0.03,-0.01,0
836041,-1.09,0.48,9.08,0.03,-0.01,0
836051,-1.1,0.5,9.06,0.03,-0.01,0
836061,-1.08,0.5,9.09,0.03,-0.01,0
836071,-1.1,0.52,9.09,0.03,-0.01,0
836081,-1.08,0.52,9.09,0.03,-0.01,0
836091,-1.09,0.53,9.07,0.03,-0.01,0
836101,-1.09,0.51,9.07,0.03,-0.01,0
836111,-1.08,0.52,9.09,0.03,-0.01,0.01
836121,-1.06,0.5,9.07,0.03,-0.01,0
836131,-1.08,0.48,9.09,0.03,-0.01,0
836141,-1.09,0.48,9.08,0.03,-0.01,0
836151,-1.09,0.49,9.09,0.03,-0.01,0
836161,-1.08,0.5,9.05,0.03,-0.01,0
836171,-1.09,0.52,9.08,0.03,-0.01,0
836181,-1.07,0.55,9.08,0.03,-0.01,0
836191,-1.1,0.52,9.06,0.03,-0.01,0.01
836201,-1.1,0.52,9.06,0.03,-0.01,0.01
836211,-1.1,0.52,9.08,0.03,-0.01,0
836221,-1.08,0.52,9.05,0.03,-0.01,0
836231,-1.09,0.52,9.07,0.03,-0.01,0
836241,-1.1,0.5,9.1,0.03,-0.01,0
836251,-1.09,0.51,9.07,0.03,-0.01,0
836261,-1.09,0.49,9.07,0.03,-0.01,0
836271,-1.08,0.49,9.11,0.03,-0.01,0
836281,-1.09,0.51,9.1,0.03,-0.01,0
836291,-1.07,0.52,9.09,0.03,-0.01,0.01
836301,-1.04,0.51,9.06,0.03,-0.01,0
836311,-1.07,0.52,9.08,0.03,-0.01,0.01
836321,-1.07,0.51,9.08,0.03,-0.01,0.01
836331,-1.11,0.53,9.07,0.03,-0.01,0
836341,-1.11,0.52,9.1,0.03,-0.01,0
836351,-1.11,0.51,9.11,0.03,-0.01,0
836361,-1.1,0.51,9.08,0.03,-0.01,0
836371,-1.11,0.51,9.07,0.03,-0.01,0
836381,-1.1,0.5,9.05,0.03,-0.01,0
836391,-1.09,0.51,9.1,0.03,-0.01,0
836401,-1.1,0.5,9.07,0.03,-0.01,0
836411,-1.08,0.51,9.06,0.03,-0.01,0.01
836421,-1.07,0.51,9.07,0.03,-0.01,0
836431,-1.07,0.51,9.05,0.03,-0.01,0
836441,-1.09,0.51,9.05,0.03,-0.01,0
836451,-1.11,0.5,9.07,0.03,-0.01,0.01
836461,-1.09,0.5,9.09,0.03,-0.01,0
836471,-1.07,0.53,9.06,0.03,-0.01,0
836481,-1.06,0.51,9.09,0.03,-0.01,0
836491,-1.07,0.53,9.1,0.03,-0.01,0
836501,-1.07,0.52,9.09,0.03,-0.01,0
836511,-1.08,0.5,9.07,0.03,-0.01,0
836521,-1.11,0.5,9.07,0.03,-0.01,0
836531,-1.12,0.51,9.09,0.03,-0.01,0
836541,-1.11,0.51,9.07,0.03,-0.01,0
836551,-1.09,0.5,9.05,0.03,-0.01,0
836561,-1.09,0.5,9.11,0.03,-0.01,0
836571,-1.07,0.49,9.11,0.03,-0.01,0
836581,-1.1,0.49,9.08,0.03,-0.01,0
836591,-1.09,0.51,9.09,0.03,-0.01,0
836601,-1.1,0.5,9.08,0.03,-0.01,0.01
836611,-1.12,0.51,9.1,0.03,-0.01,0
836621,-1.11,0.52,9.06,0.03,-0.01,0
836631,-1.1,0.52,9.07,0.03,-0.01,0
836641,-1.09,0.53,9.06,0.03,-0.01,0
836651,-1.1,0.5,9.07,0.03,-0.01,0
836661,-1.11,0.51,9.07,0.03,-0.01,0
836671,-1.1,0.5,9.06,0.03,-0.01,0
836681,-1.09,0.51,9.05,0.03,-0.01,0.01
836691,-1.1,0.5,9.08,0.03,-0.01,0
836701,-1.09,0.49,9.1,0.03,-0.01,0
836711,-1.11,0.51,9.06,0.03,-0.01,0
836721,-1.09,0.52,9.08,0.03,-0.01,0
836731,-1.09,0.53,9.08,0.03,-0.01,0
836741,-1.09,0.54,9.08,0.03,-0.01,0.01
836751,-1.1,0.52,9.08,0.03,-0.01,0
836761,-1.09,0.52,9.06,0.03,-0.01,0
836771,-1.1,0.49,9.09,0.03,-0.01,0
836781,-1.09,0.5,9.09,0.03,-0.01,0
836791,-1.08,0.49,9.07,0.03,-0.01,0.01
836801,-1.09,0.48,9.11,0.03,-0.01,0
836811,-1.08,0.5,9.08,0.03,-0.01,0
836821,-1.08,0.5,9.07,0.03,-0.01,0
836831,-1.09,0.51,9.06,0.03,-0.01,0.01
836841,-1.08,0.51,9.06,0.03,-0.01,0
836851,-1.09,0.51,9.03,0.03,-0.01,0
836861,-1.1,0.52,9.07,0.03,-0.01,0
836871,-1.09,0.51,9.08,0.03,-0.01,0
836881,-1.08,0.52,9.06,0.03,-0.01,0
836891,-1.09,0.51,9.08,0.03,-0.01,0
836901,-1.09,0.51,9.06,0.03,-0.01,0
836911,-1.11,0.51,9.07,0.03,-0.01,0
836921,-1.1,0.5,9.09,0.03,-0.01,0
836931,-1.09,0.51,9.1,0.03,-0.01,0
836941,-1.1,0.52,9.07,0.03,-0.01,0
836951,-1.11,0.51,9.05,0.03,-0.01,0
836961,-1.07,0.51,9.08,0.03,-0.01,0
836971,-1.11,0.51,9.09,0.03,-0.01,0
836981,-1.08,0.51,9.08,0.03,-0.01,0
836991,-1.08,0.52,9.07,0.03,-0.01,0
837001,-1.1,0.52,9.07,0.03,-0.01,0
837011,-1.08,0.51,9.07,0.03,-0.01,0
837021,-1.08,0.51,9.06,0.03,-0.01,0
837031,-1.1,0.5,9.07,0.03,-0.01,0.01
837041,-1.1,0.49,9.08,0.03,-0.01,0.01
837051,-1.1,0.49,9.06,0.03,-0.01,0
837061,-1.09,0.5,9.06,0.03,-0.01,0
837071,-1.09,0.5,9.08,0.03,-0.01,0
837081,-1.07,0.53,9.05,0.03,-0.01,0
837091,-1.08,0.55,9.06,0.03,-0.01,0
837101,-1.09,0.54,9.06,0.03,-0.01,0
837111,-1.09,0.51,9.08,0.03,-0.01,0
837121,-1.1,0.5,9.06,0.03,-0.01,0
837131,-1.1,0.49,9.07,0.03,-0.01,0
837141,-1.07,0.49,9.09,0.03,-0.01,0
837151,-1.07,0.49,9.08,0.03,-0.01,0
837161,-1.07,0.5,9.08,0.03,-0.01,0
837171,-1.08,0.51,9.08,0.03,-0.01,0
837181,-1.09,0.51,9.09,0.03,-0.01,0.01
837191,-1.1,0.52,9.04,0.03,-0.01,0.01
837201,-1.11,0.52,9.06,0.03,-0.01,0
837211,-1.1,0.52,9.07,0.03,-0.01,0
837221,-1.1,0.53,9.07,0.03,-0.01,0
837231,-1.07,0.52,9.06,0.03,-0.01,0
837241,-1.08,0.51,9.07,0.03,-0.01,0
837251,-1.08,0.5,9.06,0.03,-0.01,0
837261,-1.09,0.49,9.08,0.03,-0.01,0
837271,-1.08,0.5,9.07,0.03,-0.01,0
837281,-1.08,0.5,9.07,0.03,-0.01,0
837291,-1.08,0.51,9.08,0.03,-0.01,0
837301,-1.07,0.52,9.08,0.03,-0.01,0
837311,-1.07,0.53,9.08,0.03,-0.01,0
837321,-1.11,0.55,9.06,0.03,-0.01,0.01
837331,-1.1,0.53,9.07,0.03,-0.01,0
837341,-1.11,0.49,9.1,0.03,-0.01,0
837351,-1.08,0.51,9.09,0.03,-0.01,0
837361,-1.09,0.49,9.09,0.03,-0.01,0
837371,-1.09,0.49,9.04,0.03,-0.01,0
837381,-1.08,0.49,9.08,0.03,-0.01,0
837391,-1.09,0.48,9.08,0.03,-0.01,0
837401,-1.09,0.53,9.11,0.03,-0.01,0
837411,-1.1,0.53,9.09,0.03,-0.01,0
837421,-1.09,0.54,9.07,0.03,-0.01,0.01
837431,-1.09,0.54,9.05,0.03,-0.01,0
837441,-1.1,0.51,9.06,0.03,-0.01,0
837451,-1.1,0.5,9.09,0.03,-0.01,0
837461,-1.09,0.49,9.07,0.03,-0.01,0
837471,-1.09,0.49,9.08,0.03,-0.01,0
837481,-1.08,0.5,9.08,0.03,-0.01,0
837491,-1.07,0.5,9.05,0.03,-0.01,0
837501,-1.07,0.51,9.11,0.03,-0.01,0
837511,-1.1,0.51,9.09,0.03,-0.01,0
837521,-1.09,0.49,9.06,0.03,-0.01,0
837531,-1.11,0.5,9.06,0.03,-0.01,0
837541,-1.1,0.52,9.08,0.03,-0.01,0
837551,-1.1,0.5,9.08,0.03,-0.01,0
837561,-1.08,0.49,9.09,0.03,-0.01,0
837571,-1.07,0.49,9.09,0.03,-0.01,0.01
837581,-1.07,0.51,9.08,0.03,-0.01,0
837591,-1.09,0.52,9.08,0.03,-0.01,0
837601,-1.09,0.52,9.1,0.03,-0.01,0
837611,-1.1,0.52,9.08,0.03,-0.01,0
837621,-1.1,0.51,9.08,0.03,-0.01,0
837631,-1.09,0.51,9.08,0.03,-0.01,0
837641,-1.09,0.51,9.09,0.03,-0.01,0
837651,-1.1,0.5,9.07,0.03,-0.01,0.01
837661,-1.09,0.51,9.1,0.03,-0.01,0
837671,-1.08,0.51,9.08,0.03,-0.01,0
837681,-1.08,0.51,9.1,0.03,-0.01,0.01
837691,-1.07,0.52,9.12,0.03,-0.01,0
837701,-1.08,0.51,9.09,0.03,-0.01,0
837711,-1.08,0.51,9.09,0.03,-0.01,0
837721,-1.08,0.51,9.09,0.03,-0.01,0
837731,-1.09,0.51,9.09,0.03,-0.01,0
837741,-1.12,0.51,9.09,0.03,-0.01,0
837751,-1.11,0.5,9.09,0.03,-0.01,0
837761,-1.11,0.51,9.08,0.03,-0.01,0
837771,-1.08,0.51,9.08,0.03,-0.01,0
837781,-1.07,0.51,9.08,0.03,-0.01,0
837791,-1.07,0.5,9.08,0.03,-0.01,0
837801,-1.08,0.51,9.09,0.03,-0.01,0
837811,-1.09,0.51,9.07,0.03,-0.01,0
837821,-1.09,0.5,9.08,0.03,-0.01,0
837831,-1.08,0.51,9.07,0.03,-0.01,0.01
837841,-1.08,0.51,9.08,0.03,-0.01,0.01
837851,-1.09,0.52,9.08,0.03,-0.01,0.01
837861,-1.09,0.51,9.08,0.03,-0.01,0
837871,-1.09,0.52,9.1,0.03,-0.01,0
837881,-1.1,0.5,9.09,0.03,-0.01,0
837891,-1.09,0.52,9.09,0.03,-0.01,0
837901,-1.08,0.5,9.09,0.03,-0.01,0
837911,-1.07,0.51,9.07,0.03,-0.01,0
837921,-1.08,0.51,9.07,0.03,-0.01,0
837931,-1.1,0.51,9.06,0.03,-0.01,0
837941,-1.11,0.51,9.05,0.03,-0.01,0
837951,-1.1,0.51,9.07,0.03,-0.01,0
837961,-1.1,0.51,9.08,0.03,-0.01,0
837971,-1.09,0.52,9.06,0.03,-0.01,0
837981,-1.09,0.51,9.1,0.03,-0.01,0
837991,-1.08,0.51,9.09,0.03,-0.01,0
838001,-1.12,0.51,9.08,0.03,-0.01,0
838011,-1.12,0.51,9.08,0.03,-0.01,0
838021,-1.11,0.51,9.07,0.03,-0.01,0
838031,-1.09,0.51,9.06,0.03,-0.01,0
838041,-1.09,0.51,9.09,0.03,-0.01,0
838051,-1.07,0.51,9.06,0.03,-0.01,0
838061,-1.06,0.5,9.08,0.03,-0.01,0
838071,-1.09,0.51,9.08,0.03,-0.01,0
838081,-1.1,0.48,9.09,0.03,-0.01,0
838091,-1.11,0.5,9.08,0.03,0,0
838101,-1.11,0.51,9.07,0.03,-0.01,0
838111,-1.09,0.51,9.07,0.03,-0.01,0
838121,-1.09,0.54,9.09,0.03,-0.01,0
838131,-1.1,0.53,9.09,0.03,-0.01,0
838141,-1.1,0.53,9.1,0.03,-0.01,0
838151,-1.09,0.51,9.09,0.03,-0.01,0
838161,-1.07,0.5,9.05,0.03,-0.01,0
838171,-1.06,0.51,9.07,0.03,-0.01,0
838181,-1.08,0.49,9.07,0.03,-0.01,0
838191,-1.08,0.5,9.08,0.03,-0.01,0
838201,-1.1,0.51,9.09,0.03,-0.01,0
838211,-1.11,0.5,9.08,0.03,-0.01,0
838221,-1.1,0.51,9.08,0.03,-0.01,0
838231,-1.1,0.51,9.1,0.03,-0.01,0
838241,-1.12,0.53,9.09,0.03,-0.01,0
838251,-1.09,0.54,9.1,0.03,-0.01,0
838261,-1.08,0.51,9.09,0.03,-0.01,0
838271,-1.08,0.5,9.1,0.03,-0.01,0
838281,-1.09,0.5,9.07,0.03,-0.01,0
838291,-1.09,0.5,9.06,0.03,-0.01,0.01
838301,-1.1,0.49,9.07,0.03,-0.01,0
838311,-1.07,0.49,9.05,0.03,-0.01,0.01
838321,-1.09,0.51,9.08,0.03,-0.01,0
838331,-1.1,0.51,9.1,0.03,-0.01,0.01
838341,-1.09,0.51,9.09,0.03,-0.01,0.01
838351,-1.1,0.51,9.08,0.03,-0.01,0
838361,-1.09,0.5,9.09,0.03,-0.01,0.01
838371,-1.08,0.5,9.08,0.03,-0.01,0.01
838381,-1.08,0.51,9.05,0.03,-0.01,0.01
838391,-1.07,0.53,9.08,0.03,-0.01,0.01
838401,-1.09,0.53,9.08,0.03,-0.01,0.01
838411,-1.1,0.53,9.06,0.03,-0.01,0.01
838421,-1.09,0.51,9.08,0.03,-0.01,0.01
838431,-1.09,0.52,9.06,0.03,-0.01,0
838441,-1.09,0.51,9.08,0.03,-0.01,0
838451,-1.08,0.53,9.08,0.03,-0.01,0
838461,-1.08,0.5,9.1,0.03,-0.01,0
838471,-1.1,0.49,9.07,0.03,-0.01,0
838481,-1.1,0.51,9.07,0.03,-0.01,0
838491,-1.08,0.5,9.07,0.03,-0.01,0
838501,-1.07,0.5,9.07,0.03,-0.01,0
838511,-1.08,0.5,9.1,0.03,-0.01,0
838521,-1.1,0.51,9.1,0.03,-0.01,0
838531,-1.09,0.51,9.1,0.03,-0.01,0
838541,-1.11,0.53,9.08,0.03,-0.01,0
838551,-1.12,0.54,9.08,0.03,-0.01,0
838561,-1.11,0.52,9.09,0.03,-0.01,0
838571,-1.11,0.51,9.06,0.03,-0.01,0
838581,-1.09,0.51,9.06,0.03,-0.01,0
838591,-1.07,0.51,9.08,0.03,-0.01,0
838601,-1.08,0.52,9.07,0.03,-0.01,0
838611,-1.08,0.51,9.06,0.03,-0.01,0.01
838621,-1.08,0.5,9.05,0.03,-0.01,0
838631,-1.08,0.49,9.07,0.03,-0.01,0.01
838641,-1.1,0.49,9.06,0.03,-0.01,0
838651,-1.1,0.51,9.05,0.03,-0.01,0
838661,-1.09,0.51,9.09,0.03,-0.01,0
838671,-1.07,0.52,9.07,0.03,-0.01,0
838681,-1.1,0.53,9.07,0.03,-0.01,0
838691,-1.09,0.53,9.07,0.03,-0.01,0
838701,-1.08,0.52,9.08,0.03,-0.01,0
838711,-1.08,0.51,9.1,0.03,-0.01,0
838721,-1.09,0.49,9.08,0.03,-0.01,0
838731,-1.08,0.51,9.07,0.03,-0.01,0
838741,-1.07,0.49,9.11,0.03,-0.01,0
838751,-1.08,0.51,9.09,0.03,-0.01,0
838761,-1.08,0.49,9.09,0.03,-0.01,0
838771,-1.09,0.49,9.06,0.03,-0.01,0
838781,-1.08,0.5,9.05,0.03,-0.01,0
838791,-1.09,0.51,9.07,0.03,-0.01,0
838801,-1.08,0.51,9.06,0.03,-0.01,0
838811,-1.09,0.53,9.05,0.03,-0.01,0
838821,-1.1,0.51,9.05,0.03,-0.01,0
838831,-1.1,0.51,9.08,0.03,-0.01,0
838841,-1.1,0.52,9.06,0.03,-0.01,0
838851,-1.1,0.52,9.08,0.03,-0.01,0
838861,-1.08,0.51,9.06,0.03,-0.01,0
838871,-1.06,0.5,9.09,0.03,-0.01,0
838881,-1.05,0.5,9.07,0.03,-0.01,0
838891,-1.08,0.5,9.05,0.03,-0.01,0.01
838901,-1.09,0.51,9.05,0.03,-0.01,0.01
838911,-1.09,0.52,9.06,0.03,-0.01,0
838921,-1.08,0.51,9.09,0.03,-0.01,0
838931,-1.1,0.51,9.06,0.03,-0.01,0
838941,-1.09,0.5,9.08,0.03,-0.01,0
838951,-1.09,0.51,9.06,0.03,-0.01,0
838961,-1.09,0.53,9.07,0.03,-0.01,0
838971,-1.1,0.52,9.07,0.03,-0.01,0.01
838981,-1.08,0.52,9.05,0.03,-0.01,0
838991,-1.06,0.5,9.05,0.03,-0.01,0
839001,-1.06,0.51,9.04,0.03,-0.01,0.01
839011,-1.07,0.49,9.08,0.03,-0.01,0
839021,-1.1,0.51,9.09,0.03,-0.01,0
839031,-1.08,0.5,9.09,0.03,-0.01,0
839041,-1.09,0.5,9.08,0.03,-0.01,0
839051,-1.07,0.51,9.06,0.03,-0.01,0
839061,-1.1,0.52,9.05,0.03,-0.01,0
839071,-1.09,0.52,9.08,0.03,-0.01,0
839081,-1.09,0.51,9.09,0.03,-0.01,0
839091,-1.09,0.5,9.06,0.03,-0.01,0
839101,-1.1,0.49,9.06,0.03,-0.01,0
839111,-1.11,0.5,9.06,0.03,-0.01,0
839121,-1.09,0.5,9.07,0.03,-0.01,0
839131,-1.07,0.48,9.08,0.03,-0.01,0
839141,-1.1,0.49,9.08,0.03,-0.01,0
839151,-1.09,0.51,9.07,0.03,-0.01,0
839161,-1.09,0.51,9.07,0.03,-0.01,0
839171,-1.08,0.52,9.09,0.03,-0.01,0.01
839181,-1.1,0.51,9.07,0.03,-0.01,0
839191,-1.08,0.53,9.07,0.03,-0.01,0
839201,-1.08,0.52,9.05,0.03,-0.01,0
839211,-1.08,0.51,9.1,0.03,-0.01,0
839221,-1.09,0.51,9.08,0.03,-0.01,0
839231,-1.09,0.5,9.08,0.03,-0.01,0
839241,-1.07,0.49,9.09,0.03,-0.01,0
839251,-1.09,0.5,9.07,0.03,-0.01,0.01
839261,-1.09,0.51,9.08,0.03,-0.01,0
839271,-1.08,0.49,9.07,0.03,-0.01,0
839281,-1.1,0.49,9.08,0.03,-0.01,0
839291,-1.09,0.51,9.08,0.03,-0.01,0
839301,-1.08,0.52,9.09,0.03,-0.01,0
839311,-1.1,0.51,9.1,0.03,-0.01,0
839321,-1.08,0.51,9.07,0.03,-0.01,0
839331,-1.1,0.53,9.09,0.03,-0.01,0
839341,-1.1,0.51,9.09,0.03,-0.01,0
839351,-1.08,0.52,9.1,0.03,-0.01,0
839361,-1.1,0.51,9.11,0.03,-0.01,0
839371,-1.1,0.51,9.1,0.03,-0.01,0
839381,-1.09,0.5,9.09,0.03,-0.01,0
839391,-1.07,0.51,9.07,0.03,-0.01,0
839401,-1.08,0.51,9.1,0.03,-0.01,0
839411,-1.08,0.51,9.06,0.03,-0.01,0.01
839421,-1.08,0.52,9.08,0.03,-0.01,0.01
839431,-1.09,0.52,9.09,0.03,-0.01,0.01
839441,-1.08,0.51,9.07,0.03,-0.01,0
839451,-1.08,0.51,9.09,0.03,-0.01,0
839461,-1.11,0.5,9.1,0.03,-0.01,0
839471,-1.08,0.5,9.1,0.03,-0.01,0
839481,-1.09,0.5,9.09,0.03,-0.01,0
839491,-1.08,0.52,9.07,0.03,-0.01,0
839501,-1.09,0.52,9.1,0.03,-0.01,0
839511,-1.08,0.52,9.07,0.03,-0.01,0.01
839521,-1.1,0.51,9.07,0.03,-0.01,0.01
839531,-1.09,0.51,9.08,0.03,-0.01,0
839541,-1.11,0.51,9.1,0.03,-0.01,0
839551,-1.1,0.5,9.06,0.03,-0.01,0
839561,-1.07,0.51,9.1,0.03,-0.01,0
839571,-1.09,0.51,9.08,0.03,-0.01,0
839581,-1.09,0.51,9.07,0.03,-0.01,0
839591,-1.1,0.49,9.05,0.03,-0.01,0
839601,-1.11,0.49,9.08,0.03,-0.01,0.01
839611,-1.09,0.51,9.1,0.03,-0.01,0
839621,-1.1,0.51,9.09,0.03,-0.01,0
839631,-1.09,0.5,9.09,0.03,-0.01,0
839641,-1.1,0.52,9.09,0.03,-0.01,0
839651,-1.09,0.52,9.07,0.03,-0.01,0
839661,-1.09,0.52,9.09,0.03,-0.01,0
839671,-1.11,0.51,9.06,0.03,-0.01,0
839681,-1.1,0.49,9.05,0.03,-0.01,0
839691,-1.07,0.48,9.05,0.03,-0.01,0
839701,-1.08,0.49,9.08,0.03,-0.01,0.01
839711,-1.1,0.5,9.11,0.04,-0.01,0
839721,-1.1,0.51,9.07,0.03,-0.01,0
839731,-1.09,0.49,9.08,0.03,-0.01,0
839741,-1.09,0.49,9.06,0.03,-0.01,0
839751,-1.08,0.51,9.08,0.03,-0.01,0
839761,-1.08,0.52,9.11,0.03,-0.01,0.01
839771,-1.08,0.53,9.08,0.03,-0.01,0
839781,-1.07,0.52,9.1,0.03,-0.01,0.01
839791,-1.09,0.5,9.09,0.03,-0.01,0.01
839801,-1.11,0.51,9.06,0.03,-0.01,0.01
839811,-1.1,0.5,9.05,0.03,-0.01,0
839821,-1.1,0.52,9.08,0.03,-0.01,0
839831,-1.1,0.52,9.09,0.03,-0.01,0
839841,-1.09,0.5,9.08,0.03,-0.01,0
839851,-1.09,0.51,9.07,0.03,-0.01,0
839861,-1.11,0.49,9.07,0.03,-0.01,0
839871,-1.1,0.49,9.07,0.03,-0.01,0
839881,-1.09,0.49,9.07,0.03,-0.01,0.01
839891,-1.07,0.5,9.07,0.03,-0.01,0.01
839901,-1.06,0.5,9.07,0.03,-0.01,0.01
839911,-1.09,0.5,9.06,0.03,-0.01,0
839921,-1.1,0.5,9.08,0.03,-0.01,0
839931,-1.1,0.52,9.04,0.03,-0.01,0.01
839941,-1.11,0.52,9.04,0.03,-0.01,0
839951,-1.1,0.51,9.07,0.03,-0.01,0
839961,-1.09,0.51,9.08,0.03,-0.01,0
839971,-1.08,0.52,9.08,0.03,-0.01,0
839981,-1.09,0.53,9.08,0.03,-0.01,0
839991,-1.09,0.5,9.06,0.03,-0.01,0
840001,-1.1,0.48,9.1,0.03,-0.01,0
840011,-1.1,0.48,9.13,0.03,-0.01,0
840021,-1.1,0.49,9.08,0.03,-0.01,0
840031,-1.09,0.5,9.06,0.03,-0.01,0
840041,-1.08,0.51,9.09,0.03,-0.01,0
840051,-1.09,0.52,9.08,0.03,-0.01,0
840061,-1.08,0.52,9.09,0.03,-0.01,0
840071,-1.1,0.51,9.07,0.03,-0.01,0
840081,-1.08,0.52,9.07,0.03,-0.01,0
840091,-1.09,0.51,9.07,0.03,-0.01,0
840101,-1.1,0.51,9.11,0.03,-0.01,0.01
840111,-1.1,0.51,9.11,0.03,-0.01,0
840121,-1.1,0.52,9.11,0.03,-0.01,0
840131,-1.08,0.51,9.09,0.03,-0.01,0.01
840141,-1.1,0.5,9.1,0.04,-0.01,0
840151,-1.09,0.5,9.08,0.03,-0.01,0
840161,-1.09,0.51,9.1,0.03,-0.01,0
840171,-1.09,0.51,9.09,0.03,-0.01,0
840181,-1.09,0.51,9.05,0.03,-0.01,0
840191,-1.09,0.52,9.08,0.03,-0.01,0
840201,-1.08,0.52,9.07,0.03,-0.01,0
840211,-1.08,0.52,9.06,0.03,-0.01,0
840221,-1.1,0.51,9.08,0.03,-0.01,0
840231,-1.08,0.49,9.1,0.03,-0.01,0
840241,-1.06,0.5,9.08,0.03,-0.01,0
840251,-1.06,0.49,9.06,0.03,-0.01,0
840261,-1.08,0.49,9.09,0.03,-0.01,0.01
840271,-1.08,0.51,9.1,0.03,-0.01,0.01
840281,-1.08,0.52,9.1,0.03,-0.01,0.01
840291,-1.11,0.5,9.08,0.03,-0.01,0
840301,-1.1,0.5,9.06,0.03,-0.01,0.01
840311,-1.09,0.5,9.07,0.03,-0.01,0.01
840321,-1.1,0.51,9.07,0.03,-0.01,0
840331,-1.1,0.5,9.09,0.03,-0.01,0
840341,-1.09,0.51,9.08,0.03,-0.01,0
840351,-1.07,0.49,9.05,0.03,-0.01,0
840361,-1.07,0.51,9.05,0.03,-0.01,0
840371,-1.07,0.51,9.05,0.03,-0.01,0
840381,-1.08,0.5,9.06,0.03,-0.01,0
840391,-1.09,0.51,9.05,0.03,-0.01,0
840401,-1.08,0.5,9.09,0.03,-0.01,0
840411,-1.09,0.5,9.07,0.03,-0.01,0
840421,-1.1,0.5,9.08,0.03,-0.01,0
840431,-1.09,0.51,9.07,0.03,-0.01,0
840441,-1.08,0.51,9.08,0.03,-0.01,0
840451,-1.1,0.51,9.1,0.03,-0.01,0
840461,-1.08,0.51,9.11,0.03,-0.01,0
840471,-1.09,0.5,9.09,0.03,-0.01,0
840481,-1.08,0.49,9.08,0.03,-0.01,0
840491,-1.07,0.48,9.06,0.03,-0.01,0.01
840501,-1.08,0.51,9.08,0.03,-0.01,0
840511,-1.11,0.5,9.08,0.03,-0.01,0
840521,-1.1,0.52,9.05,0.03,-0.01,0
840531,-1.09,0.51,9.07,0.03,-0.01,0
840541,-1.1,0.51,9.07,0.03,-0.01,0
840551,-1.1,0.51,9.05,0.03,-0.01,0
840561,-1.08,0.51,9.1,0.03,-0.01,0.01
840571,-1.08,0.52,9.06,0.03,-0.01,0
840581,-1.07,0.51,9.07,0.03,-0.01,0
840591,-1.08,0.49,9.04,0.03,-0.01,0
840601,-1.09,0.5,9.07,0.03,-0.01,0
840611,-1.09,0.5,9.05,0.03,-0.01,0
840621,-1.09,0.49,9.09,0.03,-0.01,0
840631,-1.1,0.51,9.09,0.03,-0.01,0
840641,-1.09,0.51,9.04,0.03,-0.01,0
840651,-1.09,0.51,9.05,0.03,-0.01,0
840661,-1.12,0.5,9.08,0.03,-0.01,0
840671,-1.09,0.51,9.07,0.03,-0.01,0
840681,-1.08,0.53,9.07,0.03,-0.01,0
840691,-1.08,0.52,9.07,0.03,-0.01,0
840701,-1.06,0.51,9.08,0.03,-0.01,0
840711,-1.09,0.5,9.06,0.03,-0.01,0
840721,-1.1,0.5,9.06,0.03,-0.01,0
840731,-1.1,0.51,9.09,0.03,-0.01,0
840741,-1.08,0.51,9.08,0.03,-0.01,0.01
840751,-1.07,0.51,9.1,0.03,-0.01,0
840761,-1.06,0.49,9.07,0.03,-0.01,0
840771,-1.06,0.5,9.07,0.03,-0.01,0
840781,-1.09,0.48,9.08,0.03,-0.01,0
840791,-1.09,0.49,9.08,0.03,-0.01,0
840801,-1.07,0.51,9.07,0.03,-0.01,0.01
840811,-1.08,0.52,9.07,0.03,-0.01,0.01
840821,-1.09,0.52,9.06,0.03,-0.01,0.01
840831,-1.11,0.52,9.07,0.03,-0.01,0.01
840841,-1.11,0.52,9.05,0.03,-0.01,0
840851,-1.1,0.53,9.09,0.03,-0.01,0
840861,-1.08,0.52,9.08,0.03,-0.01,0
840871,-1.08,0.51,9.07,0.03,-0.01,0
840881,-1.08,0.51,9.07,0.03,-0.01,0.01
840891,-1.09,0.51,9.08,0.03,-0.01,0.01
840901,-1.08,0.53,9.09,0.03,-0.01,0
840911,-1.08,0.52,9.07,0.03,-0.01,0
840921,-1.1,0.51,9.05,0.03,-0.01,0
840931,-1.1,0.5,9.08,0.03,-0.01,0
840941,-1.09,0.51,9.05,0.03,-0.01,0
840951,-1.1,0.49,9.08,0.03,-0.01,0
840961,-1.09,0.5,9.08,0.03,-0.01,0
840971,-1.08,0.5,9.06,0.03,-0.01,0
840981,-1.07,0.51,9.06,0.03,-0.01,0
840991,-1.1,0.51,9.08,0.03,-0.01,0
841001,-1.09,0.53,9.06,0.03,-0.01,0
841011,-1.09,0.51,9.07,0.03,-0.01,0
841021,-1.11,0.52,9.1,0.03,-0.01,0
841031,-1.1,0.49,9.1,0.03,-0.01,0
841041,-1.1,0.48,9.07,0.03,-0.01,0
841051,-1.1,0.51,9.07,0.03,-0.01,0
841061,-1.1,0.51,9.05,0.03,-0.01,0
841071,-1.09,0.53,9.04,0.03,-0.01,0
841081,-1.09,0.52,9.07,0.03,-0.01,0
841091,-1.08,0.52,9.08,0.03,-0.01,0
841101,-1.09,0.51,9.09,0.03,-0.01,0.01
841111,-1.09,0.51,9.11,0.03,-0.01,0
841121,-1.1,0.49,9.1,0.03,-0.01,0
841131,-1.08,0.5,9.08,0.03,-0.01,0
841141,-1.1,0.5,9.08,0.03,-0.01,0
841151,-1.11,0.5,9.07,0.03,-0.01,0
841161,-1.1,0.5,9.06,0.03,-0.01,0
841171,-1.08,0.51,9.07,0.03,-0.01,0.01
841181,-1.08,0.52,9.08,0.03,-0.01,0.01
841191,-1.09,0.52,9.1,0.03,-0.01,0.01
841201,-1.08,0.53,9.09,0.03,-0.01,0.01
841211,-1.07,0.5,9.12,0.03,-0.01,0
841221,-1.09,0.5,9.1,0.03,-0.01,0.01
841231,-1.09,0.52,9.07,0.03,-0.01,0
841241,-1.11,0.52,9.06,0.03,-0.01,0
841251,-1.1,0.51,9.06,0.03,-0.01,0
841261,-1.1,0.51,9.08,0.04,-0.01,0
841271,-1.09,0.48,9.05,0.03,-0.01,0
841281,-1.08,0.49,9.06,0.03,-0.01,0
841291,-1.11,0.49,9.1,0.03,-0.01,0
841301,-1.09,0.49,9.09,0.03,-0.01,0
841311,-1.08,0.5,9.08,0.03,-0.01,0
841321,-1.1,0.52,9.1,0.03,-0.01,0
841331,-1.08,0.51,9.08,0.03,-0.01,0
841341,-1.08,0.52,9.06,0.03,-0.01,0
841351,-1.08,0.52,9.08,0.03,-0.01,0
841361,-1.09,0.51,9.1,0.03,-0.01,0
841371,-1.08,0.51,9.06,0.03,-0.01,0
841381,-1.09,0.5,9.06,0.03,-0.01,0
841391,-1.08,0.5,9.06,0.03,-0.01,0
841401,-1.08,0.51,9.06,0.03,-0.01,0
841411,-1.09,0.51,9.11,0.03,-0.01,0
841421,-1.09,0.51,9.11,0.03,-0.01,0
841431,-1.1,0.51,9.09,0.03,-0.01,0
841441,-1.09,0.52,9.07,0.03,-0.01,0
841451,-1.12,0.52,9.08,0.03,-0.01,0
841461,-1.1,0.51,9.07,0.03,-0.01,0
841471,-1.08,0.5,9.1,0.03,-0.01,0
841481,-1.07,0.5,9.07,0.03,-0.01,0
841491,-1.07,0.5,9.11,0.03,-0.01,0
841501,-1.08,0.52,9.06,0.03,-0.01,0
841511,-1.09,0.51,9.05,0.03,-0.01,0
841521,-1.1,0.52,9.07,0.03,-0.01,0
841531,-1.1,0.52,9.08,0.03,-0.01,0
841541,-1.11,0.52,9.08,0.03,-0.01,0
841551,-1.09,0.52,9.09,0.03,-0.01,0
841561,-1.11,0.48,9.11,0.03,-0.01,0
841571,-1.1,0.49,9.06,0.03,-0.01,0
841581,-1.09,0.51,9.09,0.03,-0.01,0
841591,-1.09,0.51,9.08,0.03,-0.01,0
841601,-1.09,0.51,9.07,0.03,-0.01,0
841611,-1.08,0.51,9.07,0.03,-0.01,0
841621,-1.09,0.5,9.06,0.03,-0.01,0
841631,-1.07,0.51,9.08,0.03,-0.01,0
841641,-1.09,0.51,9.07,0.03,-0.01,0
841651,-1.08,0.51,9.1,0.03,-0.01,0.01
841661,-1.08,0.53,9.08,0.03,-0.01,0.01
841671,-1.07,0.5,9.07,0.03,-0.01,0.01
841681,-1.09,0.51,9.08,0.03,-0.01,0
841691,-1.11,0.5,9.11,0.03,-0.01,0
841701,-1.11,0.52,9.07,0.03,-0.01,0.01
841711,-1.11,0.52,9.09,0.03,-0.01,0.01
841721,-1.1,0.53,9.07,0.03,-0.01,0
841731,-1.07,0.51,9.09,0.03,-0.01,0
841741,-1.07,0.51,9.08,0.04,-0.01,0
841751,-1.09,0.5,9.09,0.03,-0.01,0
841761,-1.09,0.5,9.11,0.03,-0.01,0
841771,-1.08,0.49,9.09,0.03,-0.01,0.01
841781,-1.09,0.49,9.11,0.03,-0.01,0
841791,-1.08,0.51,9.09,0.03,-0.01,0
841801,-1.09,0.51,9.09,0.03,-0.01,0.01
841811,-1.1,0.51,9.09,0.03,-0.01,0
841821,-1.1,0.51,9.07,0.03,-0.01,0
841831,-1.11,0.51,9.09,0.03,-0.01,0.01
841841,-1.1,0.51,9.07,0.03,-0.01,0
841851,-1.08,0.51,9.07,0.03,-0.01,0
841861,-1.08,0.52,9.08,0.03,-0.01,0
841871,-1.08,0.52,9.1,0.03,-0.01,0.01
841881,-1.08,0.51,9.09,0.03,-0.01,0
841891,-1.09,0.51,9.08,0.03,-0.01,0.01
841901,-1.09,0.51,9.07,0.03,-0.01,0
841911,-1.1,0.53,9.06,0.03,-0.01,0.01
841921,-1.1,0.5,9.09,0.03,-0.01,0
841931,-1.11,0.5,9.1,0.03,-0.01,0
841941,-1.11,0.51,9.11,0.03,-0.01,0
841951,-1.11,0.5,9.11,0.03,-0.01,0
841961,-1.09,0.5,9.06,0.03,-0.01,0
841971,-1.09,0.5,9.07,0.03,-0.01,0
841981,-1.07,0.51,9.08,0.03,-0.01,0
841991,-1.06,0.5,9.08,0.03,-0.01,0
842001,-1.06,0.48,9.07,0.03,-0.01,0.01
842011,-1.06,0.49,9.09,0.03,-0.01,0
842021,-1.08,0.49,9.06,0.03,-0.01,0
842031,-1.11,0.52,9.06,0.03,-0.01,0
842041,-1.13,0.52,9.05,0.03,-0.01,0
842051,-1.1,0.52,9.05,0.03,-0.01,0
842061,-1.1,0.53,9.07,0.03,-0.01,0
842071,-1.12,0.51,9.06,0.03,-0.01,0
842081,-1.1,0.51,9.08,0.04,-0.01,0
842091,-1.08,0.51,9.11,0.03,-0.01,0
842101,-1.06,0.51,9.09,0.03,-0.01,0
842111,-1.06,0.5,9.08,0.03,-0.01,0
842121,-1.08,0.48,9.06,0.03,-0.01,0
842131,-1.09,0.49,9.08,0.03,-0.01,0
842141,-1.1,0.5,9.1,0.03,-0.01,0
842151,-1.1,0.52,9.06,0.03,-0.01,0.01
842161,-1.13,0.53,9.09,0.03,-0.01,0.01
842171,-1.1,0.54,9.09,0.03,-0.01,0.01
842181,-1.09,0.54,9.06,0.03,-0.01,0
842191,-1.07,0.55,9.08,0.03,-0.01,0
842201,-1.07,0.54,9.07,0.03,-0.01,0
842211,-1.1,0.53,9.06,0.04,-0.01,0
842221,-1.08,0.51,9.06,0.03,-0.01,0
842231,-1.1,0.49,9.07,0.03,-0.01,0
842241,-1.1,0.5,9.09,0.03,-0.01,0
842251,-1.1,0.49,9.08,0.03,-0.01,0
842261,-1.12,0.49,9.09,0.03,-0.01,0
842271,-1.09,0.51,9.07,0.03,-0.01,0.01
842281,-1.1,0.51,9.07,0.03,-0.01,0
842291,-1.1,0.52,9.07,0.03,-0.01,0
842301,-1.09,0.52,9.08,0.03,-0.01,0
842311,-1.08,0.52,9.07,0.03,-0.01,0
842321,-1.07,0.51,9.09,0.03,-0.01,0.01
842331,-1.07,0.51,9.09,0.04,-0.01,0.01
842341,-1.09,0.48,9.09,0.03,-0.01,0
842351,-1.1,0.49,9.06,0.03,-0.01,0
842361,-1.09,0.49,9.08,0.03,-0.01,0
842371,-1.08,0.49,9.06,0.03,-0.01,0
842381,-1.08,0.51,9.09,0.03,-0.01,0
842391,-1.08,0.52,9.11,0.03,-0.01,0
842401,-1.08,0.53,9.11,0.03,-0.01,0
842411,-1.08,0.54,9.09,0.03,-0.01,0
842421,-1.08,0.54,9.12,0.03,-0.01,0
842431,-1.11,0.51,9.09,0.03,-0.01,0
842441,-1.12,0.51,9.06,0.03,-0.01,0
842451,-1.11,0.51,9.03,0.03,-0.01,0
842461,-1.09,0.5,9.06,0.03,-0.01,0
842471,-1.09,0.51,9.05,0.03,-0.01,0
842481,-1.07,0.5,9.06,0.03,-0.01,0
842491,-1.06,0.5,9.05,0.03,-0.01,0
842501,-1.06,0.49,9.06,0.03,-0.01,0
842511,-1.07,0.5,9.08,0.03,-0.01,0
842521,-1.08,0.49,9.09,0.03,-0.01,0.01
842531,-1.08,0.49,9.09,0.03,-0.01,0.01
842541,-1.1,0.49,9.08,0.03,-0.01,0
842551,-1.11,0.51,9.07,0.03,-0.01,0
842561,-1.09,0.52,9.09,0.03,-0.01,0
842571,-1.1,0.53,9.05,0.03,-0.01,0
842581,-1.09,0.53,9.06,0.03,-0.01,0
842591,-1.06,0.52,9.07,0.03,-0.01,0.01
842601,-1.08,0.52,9.11,0.03,-0.01,0
842611,-1.1,0.51,9.1,0.03,-0.01,0
842621,-1.1,0.49,9.06,0.03,-0.01,0
842631,-1.12,0.5,9.07,0.03,-0.01,0
842641,-1.12,0.51,9.07,0.03,-0.01,0
842651,-1.1,0.51,9.08,0.03,-0.01,0
842661,-1.08,0.51,9.07,0.03,-0.01,0
842671,-1.1,0.49,9.07,0.03,-0.01,0
842681,-1.08,0.49,9.06,0.03,-0.01,0
842691,-1.08,0.5,9.06,0.03,-0.01,0
842701,-1.07,0.5,9.09,0.03,-0.01,0
842711,-1.09,0.51,9.09,0.03,-0.01,0
842721,-1.1,0.51,9.09,0.03,-0.01,0
842731,-1.1,0.5,9.09,0.03,-0.01,0
842741,-1.1,0.52,9.09,0.03,-0.01,0
842751,-1.09,0.51,9.08,0.03,-0.01,0.01
842761,-1.07,0.52,9.08,0.03,-0.01,0.01
842771,-1.08,0.51,9.09,0.03,-0.01,0
842781,-1.07,0.51,9.08,0.03,-0.01,0
842791,-1.1,0.5,9.09,0.03,-0.01,0
842801,-1.08,0.51,9.07,0.03,-0.01,0
842811,-1.08,0.51,9.06,0.03,-0.01,0
842821,-1.08,0.51,9.07,0.03,-0.01,0
842831,-1.12,0.51,9.04,0.03,-0.01,0
842841,-1.1,0.5,9.05,0.03,-0.01,0
842851,-1.09,0.5,9.09,0.03,-0.01,0
842861,-1.07,0.5,9.11,0.03,-0.01,0
842871,-1.07,0.51,9.09,0.03,-0.01,0
842881,-1.09,0.5,9.09,0.03,-0.01,0
842891,-1.09,0.52,9.1,0.03,-0.01,0
842901,-1.08,0.51,9.06,0.03,-0.01,0
842911,-1.11,0.51,9.07,0.03,-0.01,0.01
842921,-1.09,0.52,9.06,0.03,-0.01,0
842931,-1.11,0.51,9.1,0.03,-0.01,0
842941,-1.11,0.51,9.1,0.03,-0.01,0
842951,-1.07,0.52,9.11,0.03,-0.01,0
842961,-1.07,0.49,9.09,0.03,-0.01,0
842971,-1.06,0.49,9.09,0.03,-0.01,0.01
842981,-1.06,0.49,9.09,0.03,-0.01,0
842991,-1.07,0.47,9.08,0.03,-0.01,0
843001,-1.07,0.45,9.11,0.03,-0.01,0.01
843011,-1.09,0.48,9.08,0.03,-0.01,0.01
843021,-1.11,0.51,9.07,0.03,-0.01,0.01
843031,-1.11,0.53,9.06,0.03,-0.01,0.01
843041,-1.12,0.53,9.06,0.03,-0.01,0
843051,-1.09,0.55,9.08,0.03,-0.01,0
843061,-1.1,0.55,9.09,0.03,-0.01,0
843071,-1.1,0.52,9.08,0.03,-0.01,0
843081,-1.1,0.49,9.09,0.03,-0.01,0
843091,-1.1,0.48,9.06,0.03,-0.01,0
843101,-1.07,0.48,9.06,0.03,-0.01,0
843111,-1.07,0.48,9.08,0.03,-0.01,0
843121,-1.09,0.47,9.07,0.03,-0.01,0
843131,-1.08,0.5,9.09,0.03,-0.01,0
843141,-1.07,0.48,9.07,0.03,-0.01,0
843151,-1.06,0.51,9.05,0.03,-0.01,0
843161,-1.07,0.51,9.04,0.03,-0.01,0
843171,-1.07,0.52,9.04,0.03,-0.01,0
843181,-1.08,0.54,9.12,0.03,-0.01,0
843191,-1.09,0.54,9.06,0.03,-0.01,0
843201,-1.09,0.54,9.07,0.03,-0.01,0
843211,-1.11,0.51,9.06,0.03,-0.01,0
843221,-1.1,0.51,9.07,0.03,-0.01,0
843231,-1.07,0.52,9.08,0.03,-0.01,0
843241,-1.08,0.51,9.06,0.03,-0.01,0
843251,-1.07,0.49,9.08,0.03,-0.01,0
843261,-1.08,0.49,9.08,0.03,-0.01,0
843271,-1.09,0.48,9.07,0.03,-0.01,0
843281,-1.1,0.48,9.08,0.03,-0.01,0
843291,-1.11,0.49,9.07,0.03,-0.01,0
843301,-1.09,0.5,9.06,0.03,-0.01,0
843311,-1.11,0.51,9.06,0.03,-0.01,0
843321,-1.12,0.53,9.05,0.03,-0.01,0
843331,-1.1,0.52,9.08,0.03,-0.01,0
843341,-1.09,0.52,9.09,0.03,-0.01,0.01
843351,-1.08,0.51,9.08,0.03,-0.01,0
843361,-1.1,0.5,9.07,0.03,-0.01,0
843371,-1.09,0.5,9.08,0.03,-0.01,0
843381,-1.08,0.5,9.09,0.03,-0.01,0
843391,-1.07,0.49,9.07,0.03,-0.01,0
843401,-1.09,0.49,9.05,0.03,-0.01,0
843411,-1.1,0.5,9.06,0.03,-0.01,0.01
843421,-1.1,0.48,9.09,0.03,-0.01,0
843431,-1.1,0.52,9.07,0.03,-0.01,0
843441,-1.09,0.49,9.04,0.03,-0.01,0
843451,-1.09,0.51,9.06,0.03,-0.01,0
843461,-1.09,0.54,9.07,0.03,-0.01,0
843471,-1.07,0.52,9.07,0.03,-0.01,0
843481,-1.08,0.51,9.09,0.03,-0.01,0
843491,-1.11,0.5,9.07,0.03,-0.01,0
843501,-1.1,0.51,9.07,0.03,-0.01,0
843511,-1.09,0.49,9.08,0.03,-0.01,0
843521,-1.08,0.51,9.11,0.03,-0.01,0
843531,-1.07,0.51,9.07,0.03,-0.01,0
843541,-1.08,0.5,9.09,0.03,-0.01,0.01
843551,-1.1,0.51,9.08,0.03,-0.01,0
843561,-1.09,0.5,9.06,0.03,-0.01,0.01
843571,-1.08,0.51,9.07,0.03,-0.01,0
843581,-1.07,0.54,9.07,0.03,-0.01,0
843591,-1.09,0.51,9.06,0.03,-0.01,0
843601,-1.11,0.51,9.07,0.03,-0.01,0
843611,-1.1,0.53,9.1,0.03,-0.01,0
843621,-1.1,0.51,9.1,0.03,-0.01,0
843631,-1.09,0.51,9.08,0.03,-0.01,0
843641,-1.08,0.53,9.06,0.03,-0.01,0
843651,-1.08,0.5,9.06,0.03,-0.01,0
843661,-1.09,0.51,9.11,0.03,-0.01,0
843671,-1.07,0.5,9.11,0.03,-0.01,0
843681,-1.08,0.52,9.07,0.03,-0.01,0
843691,-1.07,0.5,9.04,0.03,-0.01,0
843701,-1.1,0.49,9.04,0.03,-0.01,0
843711,-1.09,0.49,9.08,0.03,-0.01,0
843721,-1.1,0.5,9.05,0.03,-0.01,0
843731,-1.08,0.5,9.11,0.03,-0.01,0
843741,-1.06,0.49,9.09,0.03,-0.01,0
843751,-1.06,0.5,9.09,0.03,-0.01,0
843761,-1.07,0.5,9.08,0.03,-0.01,0.01
843771,-1.07,0.5,9.09,0.03,-0.01,0.01
843781,-1.09,0.49,9.07,0.03,-0.01,0
843791,-1.1,0.52,9.07,0.03,-0.01,0.01
843801,-1.13,0.51,9.07,0.03,-0.01,0.01
843811,-1.11,0.54,9.09,0.03,-0.01,0
843821,-1.11,0.53,9.08,0.03,-0.01,0
843831,-1.08,0.53,9.05,0.03,-0.01,0
843841,-1.08,0.51,9.07,0.03,-0.01,0
843851,-1.07,0.49,9.05,0.03,-0.01,0
843861,-1.06,0.48,9.05,0.03,-0.01,0.01
843871,-1.09,0.49,9.08,0.03,-0.01,0.01
843881,-1.09,0.49,9.08,0.03,-0.01,0
843891,-1.09,0.49,9.09,0.03,-0.01,0
843901,-1.09,0.51,9.08,0.03,-0.01,0
843911,-1.11,0.51,9.06,0.03,-0.01,0
843921,-1.07,0.52,9.06,0.03,-0.01,0
843931,-1.08,0.51,9.08,0.03,-0.01,0.01
843941,-1.08,0.51,9.1,0.03,-0.01,0
843951,-1.09,0.51,9.1,0.03,-0.01,0
843961,-1.09,0.51,9.11,0.03,-0.01,0
843971,-1.09,0.52,9.1,0.03,-0.01,0
843981,-1.08,0.52,9.07,0.03,-0.01,0
843991,-1.09,0.51,9.1,0.03,-0.01,0
844001,-1.11,0.52,9.08,0.03,-0.01,0
844011,-1.09,0.49,9.07,0.03,-0.01,0
844021,-1.08,0.49,9.08,0.03,-0.01,0
844031,-1.08,0.49,9.09,0.03,-0.01,0
844041,-1.06,0.5,9.1,0.03,-0.01,0
844051,-1.07,0.51,9.07,0.03,-0.01,0.01
844061,-1.09,0.5,9.11,0.03,-0.01,0
844071,-1.1,0.51,9.1,0.03,-0.01,0
844081,-1.1,0.5,9.07,0.03,-0.01,0
844091,-1.09,0.51,9.07,0.03,-0.01,0.01
844101,-1.09,0.51,9.08,0.03,-0.01,0
844111,-1.09,0.49,9.06,0.03,-0.01,0
844121,-1.08,0.51,9.05,0.03,-0.01,0
844131,-1.07,0.49,9.05,0.03,-0.01,0
844141,-1.08,0.51,9.07,0.03,-0.01,0
844151,-1.1,0.5,9.08,0.03,-0.01,0
844161,-1.1,0.51,9.07,0.03,-0.01,0
844171,-1.08,0.49,9.08,0.03,-0.01,0.01
844181,-1.08,0.49,9.08,0.03,-0.01,0
844191,-1.09,0.51,9.07,0.03,-0.01,0
844201,-1.08,0.5,9.07,0.03,-0.01,0
844211,-1.1,0.51,9.06,0.03,-0.01,0
844221,-1.11,0.53,9.07,0.03,-0.01,0
844231,-1.12,0.52,9.08,0.03,-0.01,0
844241,-1.09,0.52,9.06,0.03,-0.01,0
844251,-1.08,0.52,9.07,0.03,-0.01,0
844261,-1.08,0.51,9.06,0.03,-0.01,0
844271,-1.08,0.49,9.08,0.03,-0.01,0
844281,-1.1,0.48,9.09,0.03,-0.01,0
844291,-1.1,0.48,9.08,0.03,-0.01,0
844301,-1.09,0.5,9.09,0.03,-0.01,0.01
844311,-1.1,0.51,9.09,0.03,-0.01,0
844321,-1.09,0.52,9.08,0.03,-0.01,0
844331,-1.1,0.52,9.09,0.03,-0.01,0
844341,-1.08,0.52,9.06,0.03,-0.01,0
844351,-1.08,0.51,9.07,0.03,-0.01,0
844361,-1.09,0.5,9.05,0.03,-0.01,0
844371,-1.08,0.51,9.06,0.03,-0.01,0
844381,-1.08,0.5,9.09,0.03,-0.01,0
844391,-1.08,0.49,9.09,0.03,-0.01,0
844401,-1.09,0.51,9.07,0.03,-0.01,0
844411,-1.1,0.51,9.09,0.03,-0.01,0
844421,-1.1,0.52,9.07,0.03,-0.01,0
844431,-1.09,0.52,9.06,0.03,-0.01,0
844441,-1.08,0.52,9.06,0.03,-0.01,0
844451,-1.08,0.51,9.06,0.03,-0.01,0
844461,-1.08,0.51,9.08,0.03,-0.01,0
844471,-1.08,0.51,9.07,0.03,-0.01,0
844481,-1.09,0.49,9.07,0.03,-0.01,0.01
844491,-1.09,0.5,9.06,0.03,-0.01,0
844501,-1.09,0.5,9.07,0.03,-0.01,0
844511,-1.09,0.51,9.09,0.03,-0.01,0
844521,-1.09,0.51,9.08,0.03,-0.01,0
844531,-1.09,0.51,9.1,0.03,-0.01,0
844541,-1.1,0.52,9.06,0.03,-0.01,0
844551,-1.1,0.54,9.07,0.03,-0.01,0
844561,-1.11,0.53,9.08,0.03,-0.01,0
844571,-1.11,0.51,9.06,0.03,-0.01,0
844581,-1.1,0.5,9.07,0.03,-0.01,0
844591,-1.08,0.49,9.08,0.03,-0.01,0
844601,-1.08,0.49,9.1,0.03,-0.01,0
844611,-1.07,0.48,9.09,0.03,-0.01,0
844621,-1.06,0.47,9.09,0.03,-0.01,0
844631,-1.08,0.49,9.11,0.03,-0.01,0
844641,-1.09,0.47,9.09,0.03,-0.01,0.01
844651,-1.1,0.5,9.07,0.03,-0.01,0.01
844661,-1.08,0.51,9.08,0.03,-0.01,0.01
844671,-1.1,0.51,9.09,0.03,-0.01,0.01
844681,-1.1,0.53,9.05,0.03,-0.01,0.01
844691,-1.11,0.51,9.08,0.03,-0.01,0
844701,-1.1,0.53,9.08,0.03,-0.01,0
844711,-1.08,0.51,9.08,0.03,-0.01,0
844721,-1.08,0.51,9.08,0.03,-0.01,0
844731,-1.07,0.49,9.08,0.03,-0.01,0
844741,-1.07,0.51,9.09,0.03,-0.01,0.01
844751,-1.08,0.49,9.05,0.03,-0.01,0
844761,-1.08,0.48,9.07,0.03,-0.01,0
844771,-1.08,0.48,9.09,0.03,-0.01,0
844781,-1.07,0.51,9.08,0.03,-0.01,0
844791,-1.09,0.51,9.09,0.03,-0.01,0
844801,-1.09,0.51,9.08,0.03,-0.01,0
844811,-1.11,0.51,9.08,0.03,-0.01,0
844821,-1.08,0.54,9.05,0.03,-0.01,0
844831,-1.07,0.52,9.06,0.03,-0.01,0.01
844841,-1.1,0.53,9.06,0.03,-0.01,0
844851,-1.1,0.5,9.07,0.03,-0.01,0
844861,-1.11,0.5,9.08,0.03,-0.01,0
844871,-1.1,0.49,9.09,0.03,-0.01,0
844881,-1.08,0.48,9.06,0.03,-0.01,0
844891,-1.07,0.49,9.07,0.03,-0.01,0
844901,-1.08,0.51,9.05,0.03,-0.01,0
844911,-1.08,0.52,9.09,0.03,-0.01,0.01
844921,-1.06,0.52,9.09,0.03,-0.01,0
844931,-1.07,0.52,9.08,0.03,-0.01,0.01
844941,-1.08,0.53,9.07,0.03,-0.01,0.01
844951,-1.09,0.5,9.08,0.03,-0.01,0
844961,-1.11,0.5,9.08,0.03,-0.01,0
844971,-1.12,0.51,9.08,0.03,-0.01,0.01
844981,-1.1,0.51,9.06,0.03,-0.01,0
844991,-1.09,0.51,9.05,0.03,-0.01,0
845001,-1.09,0.53,9.06,0.03,-0.01,0
845011,-1.08,0.5,9.06,0.03,-0.01,0
845021,-1.08,0.51,9.08,0.03,-0.01,0
845031,-1.08,0.49,9.08,0.03,-0.01,0
845041,-1.09,0.49,9.05,0.03,-0.01,0.01
845051,-1.09,0.48,9.05,0.03,-0.01,0
845061,-1.07,0.5,9.07,0.03,-0.01,0
845071,-1.09,0.52,9.06,0.03,-0.01,0
845081,-1.09,0.51,9.07,0.03,-0.01,0
845091,-1.11,0.52,9.08,0.03,-0.01,0
845101,-1.09,0.51,9.06,0.03,-0.01,0
845111,-1.1,0.51,9.05,0.03,-0.01,0
845121,-1.07,0.51,9.08,0.03,-0.01,0
845131,-1.09,0.51,9.1,0.03,-0.01,0
845141,-1.08,0.5,9.07,0.03,-0.01,0
845151,-1.1,0.5,9.08,0.03,-0.01,0.01
845161,-1.1,0.51,9.07,0.03,-0.01,0
845171,-1.1,0.5,9.07,0.03,-0.01,0.01
845181,-1.1,0.49,9.08,0.03,-0.01,0
845191,-1.1,0.51,9.07,0.03,-0.01,0.01
845201,-1.09,0.51,9.08,0.03,-0.01,0.01
845211,-1.06,0.52,9.08,0.03,-0.01,0
845221,-1.08,0.52,9.09,0.03,-0.01,0
845231,-1.08,0.53,9.09,0.03,-0.01,0
845241,-1.08,0.52,9.06,0.03,-0.01,0
845251,-1.1,0.51,9.06,0.03,-0.01,0
845261,-1.11,0.51,9.09,0.03,-0.01,0
845271,-1.1,0.49,9.07,0.03,-0.01,0.01
845281,-1.11,0.49,9.07,0.03,-0.01,0.01
845291,-1.12,0.49,9.07,0.03,-0.01,0
845301,-1.1,0.5,9.08,0.03,-0.01,0
845311,-1.09,0.51,9.11,0.03,-0.01,0
845321,-1.07,0.54,9.08,0.03,-0.01,0
845331,-1.08,0.54,9.07,0.03,-0.01,0
845341,-1.08,0.53,9.09,0.03,-0.01,0
845351,-1.08,0.53,9.08,0.03,-0.01,0
845361,-1.1,0.5,9.07,0.03,-0.01,0
845371,-1.11,0.49,9.09,0.03,-0.01,0
845381,-1.11,0.49,9.08,0.03,-0.01,0
845391,-1.1,0.5,9.08,0.03,-0.01,0
845401,-1.1,0.49,9.09,0.03,-0.01,0
845411,-1.09,0.5,9.08,0.03,-0.01,0
845421,-1.09,0.5,9.04,0.03,-0.01,0.01
845431,-1.07,0.51,9.07,0.03,-0.01,0.01
845441,-1.08,0.51,9.08,0.03,-0.01,0
845451,-1.09,0.5,9.07,0.03,-0.01,0
845461,-1.08,0.51,9.06,0.03,-0.01,0
845471,-1.08,0.53,9.07,0.03,-0.01,0.01
845481,-1.1,0.53,9.08,0.03,-0.01,0
845491,-1.09,0.53,9.07,0.03,-0.01,0
845501,-1.12,0.53,9.05,0.03,-0.01,0
845511,-1.11,0.51,9.08,0.03,-0.01,0
845521,-1.07,0.49,9.09,0.03,-0.01,0
845531,-1.09,0.48,9.09,0.03,-0.01,0
845541,-1.08,0.5,9.08,0.03,-0.01,0
845551,-1.08,0.5,9.11,0.03,-0.01,0
845561,-1.11,0.52,9.08,0.03,-0.01,0
845571,-1.1,0.51,9.09,0.03,-0.01,0
845581,-1.09,0.53,9.07,0.03,-0.01,0
845591,-1.09,0.53,9.08,0.03,-0.01,0.01
845601,-1.09,0.5,9.09,0.03,-0.01,0.01
845611,-1.1,0.52,9.07,0.03,-0.01,0
845621,-1.08,0.51,9.07,0.03,-0.01,0
845631,-1.1,0.51,9.06,0.03,-0.01,0
845641,-1.1,0.5,9.08,0.03,-0.01,0
845651,-1.11,0.5,9.06,0.03,-0.01,0
845661,-1.11,0.5,9.08,0.03,-0.01,0
845671,-1.09,0.5,9.07,0.03,-0.01,0
845681,-1.08,0.49,9.07,0.03,-0.01,0
845691,-1.09,0.5,9.05,0.03,-0.01,0
845701,-1.1,0.49,9.11,0.03,-0.01,0
845711,-1.09,0.5,9.09,0.03,-0.01,0
845721,-1.08,0.49,9.06,0.03,-0.01,0
845731,-1.07,0.51,9.06,0.03,-0.01,0
845741,-1.09,0.52,9.05,0.03,-0.01,0
845751,-1.09,0.52,9.05,0.03,-0.01,0
845761,-1.1,0.53,9.08,0.03,-0.01,0.01
845771,-1.1,0.52,9.06,0.03,-0.01,0
845781,-1.09,0.51,9.06,0.03,-0.01,0
845791,-1.09,0.52,9.07,0.03,-0.01,0.01
845801,-1.07,0.52,9.08,0.03,-0.01,0
845811,-1.07,0.51,9.05,0.03,-0.01,0
845821,-1.09,0.52,9.08,0.03,-0.01,0
845831,-1.08,0.52,9.09,0.03,-0.01,0
845841,-1.08,0.51,9.09,0.03,-0.01,0
845851,-1.09,0.51,9.07,0.03,-0.01,0.01
845861,-1.08,0.51,9.08,0.03,-0.01,0
845871,-1.08,0.5,9.08,0.03,-0.01,0.01
845881,-1.07,0.51,9.08,0.03,-0.01,0
845891,-1.1,0.5,9.12,0.03,-0.01,0
845901,-1.09,0.51,9.1,0.03,-0.01,0
845911,-1.1,0.5,9.08,0.03,-0.01,0
845921,-1.09,0.5,9.09,0.04,-0.01,0
845931,-1.09,0.52,9.09,0.03,-0.01,0
845941,-1.07,0.51,9.08,0.03,-0.01,0
845951,-1.1,0.51,9.08,0.03,-0.01,0
845961,-1.1,0.49,9.08,0.03,-0.01,0
845971,-1.07,0.51,9.07,0.03,-0.01,0
845981,-1.12,0.51,9.1,0.03,-0.01,0
845991,-1.11,0.53,9.08,0.03,-0.01,0
846001,-1.11,0.54,9.06,0.03,-0.01,0
846011,-1.09,0.55,9.08,0.03,-0.01,0
846021,-1.09,0.53,9.08,0.03,-0.01,0
846031,-1.08,0.51,9.09,0.03,-0.01,0
846041,-1.07,0.5,9.08,0.03,-0.01,0
846051,-1.09,0.5,9.07,0.03,-0.01,0
846061,-1.09,0.51,9.08,0.03,-0.01,0.01
846071,-1.1,0.51,9.07,0.03,-0.01,0
846081,-1.08,0.5,9.08,0.03,-0.01,0
846091,-1.07,0.53,9.08,0.03,-0.01,0
846101,-1.09,0.54,9.06,0.03,-0.01,0
846111,-1.12,0.55,9.07,0.03,-0.01,0
846121,-1.09,0.55,9.1,0.03,-0.01,0
846131,-1.09,0.54,9.11,0.03,-0.01,0
846141,-1.07,0.53,9.06,0.03,-0.01,0.01
846151,-1.07,0.5,9.06,0.03,-0.01,0.01
846161,-1.11,0.48,9.06,0.03,-0.01,0.01
846171,-1.12,0.45,9.11,0.03,0,0
846181,-1.13,0.45,9.07,0.03,-0.01,0
846191,-1.12,0.47,9.1,0.03,-0.02,0
846201,-1.07,0.5,9.05,0.03,-0.02,0
846211,-1.05,0.53,9.03,0.03,-0.01,0.01
846221,-1.04,0.54,9.04,0.03,-0.01,0.01
846231,-1.08,0.54,9.06,0.03,0,0.01
846241,-1.09,0.53,9.08,0.03,0,0.01
846251,-1.12,0.53,9.08,0.03,-0.01,0.01
846261,-1.14,0.51,9.06,0.03,-0.01,0
846271,-1.13,0.51,9.07,0.03,-0.01,0
846281,-1.12,0.51,9.09,0.03,-0.01,0
846291,-1.11,0.51,9.05,0.03,-0.01,0
846301,-1.09,0.51,9.09,0.03,-0.01,0
846311,-1.07,0.49,9.09,0.03,-0.01,0
846321,-1.07,0.47,9.11,0.03,-0.01,0.01
846331,-1.06,0.49,9.11,0.03,-0.01,0.01
846341,-1.08,0.51,9.09,0.03,-0.01,0.01
846351,-1.09,0.52,9.08,0.03,0,0.01
846361,-1.09,0.53,9.05,0.03,-0.01,0
846371,-1.12,0.52,9.05,0.03,-0.01,0
846381,-1.11,0.52,9.09,0.03,-0.01,0
846391,-1.11,0.54,9.08,0.03,-0.01,0
846401,-1.08,0.52,9.09,0.03,-0.01,0
846411,-1.08,0.52,9.08,0.03,-0.01,0
846421,-1.08,0.51,9.07,0.03,-0.01,0
846431,-1.07,0.5,9.1,0.03,-0.01,0
846441,-1.08,0.48,9.09,0.03,-0.01,0
846451,-1.09,0.5,9.09,0.03,-0.01,0
846461,-1.09,0.49,9.09,0.03,-0.01,0
846471,-1.1,0.49,9.07,0.03,-0.01,0
846481,-1.08,0.51,9.08,0.03,-0.01,0.01
846491,-1.09,0.51,9.06,0.03,-0.01,0
846501,-1.09,0.53,9.09,0.03,-0.01,0.01
846511,-1.1,0.51,9.07,0.03,-0.01,0.01
846521,-1.08,0.51,9.09,0.03,-0.01,0
846531,-1.08,0.5,9.1,0.03,-0.01,0
846541,-1.09,0.52,9.08,0.03,-0.01,0
846551,-1.09,0.51,9.09,0.03,-0.01,0
846561,-1.09,0.5,9.11,0.03,-0.01,0
846571,-1.08,0.51,9.06,0.03,-0.01,0
846581,-1.09,0.51,9.08,0.03,-0.01,0
846591,-1.08,0.52,9.06,0.03,-0.01,0
846601,-1.09,0.5,9.1,0.03,-0.01,0
846611,-1.09,0.5,9.07,0.03,-0.01,0
846621,-1.08,0.47,9.06,0.03,-0.01,0
846631,-1.08,0.5,9.08,0.03,-0.01,0
846641,-1.09,0.52,9.1,0.03,-0.01,0
846651,-1.1,0.54,9.1,0.03,-0.01,0
846661,-1.09,0.51,9.1,0.03,-0.01,0
846671,-1.08,0.51,9.07,0.03,-0.01,0
846681,-1.08,0.51,9.07,0.03,-0.01,0
846691,-1.08,0.48,9.08,0.03,-0.01,0
846701,-1.08,0.49,9.09,0.03,-0.01,0
846711,-1.08,0.51,9.1,0.03,-0.01,0
846721,-1.07,0.5,9.06,0.03,-0.01,0
846731,-1.09,0.51,9.07,0.03,-0.01,0
846741,-1.11,0.51,9.1,0.03,-0.01,0
846751,-1.11,0.51,9.09,0.03,-0.01,0
846761,-1.1,0.52,9.08,0.03,-0.01,0
846771,-1.1,0.51,9.07,0.03,-0.01,0
846781,-1.11,0.5,9.09,0.03,-0.01,0
846791,-1.09,0.5,9.09,0.03,-0.01,0
846801,-1.08,0.5,9.06,0.03,-0.01,0.01
846811,-1.07,0.48,9.06,0.03,-0.01,0
846821,-1.07,0.51,9.08,0.03,-0.01,0.01
846831,-1.07,0.5,9.09,0.03,-0.01,0
846841,-1.08,0.52,9.07,0.03,-0.01,0
846851,-1.11,0.51,9.07,0.03,-0.01,0
846861,-1.09,0.53,9.06,0.03,-0.01,0
846871,-1.11,0.54,9.06,0.03,-0.01,0
846881,-1.09,0.53,9.08,0.03,-0.01,0
846891,-1.09,0.5,9.11,0.03,-0.01,0
846901,-1.09,0.47,9.07,0.03,-0.01,0
846911,-1.09,0.47,9.07,0.03,-0.01,0
846921,-1.09,0.48,9.09,0.03,-0.01,0
846931,-1.06,0.49,9.07,0.03,-0.01,0
846941,-1.06,0.51,9.06,0.03,-0.01,0.01
846951,-1.06,0.52,9.07,0.03,-0.01,0
846961,-1.07,0.53,9.08,0.03,-0.01,0.01
846971,-1.08,0.53,9.05,0.03,-0.01,0
846981,-1.09,0.51,9.06,0.03,-0.01,0
846991,-1.13,0.51,9.07,0.03,-0.01,0
847001,-1.12,0.5,9.08,0.03,-0.01,0
847011,-1.1,0.5,9.11,0.03,-0.02,0
847021,-1.08,0.49,9.11,0.03,-0.01,0
847031,-1.08,0.51,9.08,0.03,-0.01,0
847041,-1.07,0.51,9.09,0.03,-0.01,0
847051,-1.09,0.49,9.1,0.03,-0.01,0
847061,-1.09,0.49,9.08,0.03,-0.01,0
847071,-1.09,0.49,9.06,0.03,-0.01,0
847081,-1.1,0.49,9.1,0.03,-0.01,0.01
847091,-1.1,0.51,9.04,0.03,-0.01,0
847101,-1.1,0.51,9.07,0.03,-0.01,0
847111,-1.1,0.51,9.06,0.03,-0.01,0
847121,-1.09,0.53,9.04,0.03,-0.01,0.01
847131,-1.08,0.53,9.07,0.03,-0.01,0.01
847141,-1.07,0.52,9.07,0.03,-0.01,0
847151,-1.07,0.51,9.08,0.03,-0.01,0
847161,-1.11,0.5,9.08,0.03,-0.01,0
847171,-1.09,0.47,9.11,0.03,-0.01,0
847181,-1.08,0.49,9.07,0.03,-0.01,0
847191,-1.12,0.5,9.09,0.03,-0.01,0
847201,-1.11,0.51,9.09,0.03,-0.01,0
847211,-1.12,0.5,9.08,0.03,-0.01,0
847221,-1.09,0.51,9.09,0.03,-0.02,0
847231,-1.08,0.51,9.08,0.03,-0.02,0
847241,-1.06,0.5,9.06,0.03,-0.01,0
847251,-1.06,0.51,9.04,0.03,-0.01,0.01
847261,-1.08,0.52,9.05,0.03,-0.01,0
847271,-1.08,0.52,9.07,0.03,-0.01,0.01
847281,-1.08,0.52,9.06,0.03,-0.01,0.01
847291,-1.1,0.51,9.05,0.03,-0.01,0
847301,-1.1,0.51,9.07,0.03,-0.01,0
847311,-1.11,0.5,9.09,0.03,-0.01,0
847321,-1.1,0.5,9.07,0.03,-0.01,0
847331,-1.08,0.51,9.11,0.03,-0.02,0.01
